This is pdfTeX, Version 3.141592653-2.6-1.40.29 (TeX Live 2026) (preloaded format=pdflatex 2026.5.9)  6 SEP 2026 21:47
entering extended mode
 restricted \write18 enabled.
 file:line:error style messages enabled.
 %&-line parsing enabled.
**/Users/richard/Desktop/DP/documentation/masters-thesis/main.tex
(/Users/richard/Desktop/DP/documentation/masters-thesis/main.tex
LaTeX2e <2025-11-01>
L3 programming layer <2026-01-19>
(/usr/local/texlive/2026/texmf-dist/tex/latex/base/book.cls
Document Class: book 2025/01/22 v1.4n Standard LaTeX document class
(/usr/local/texlive/2026/texmf-dist/tex/latex/base/bk11.clo
File: bk11.clo 2025/01/22 v1.4n Standard LaTeX file (size option)
)
\c@part=\count275
\c@chapter=\count276
\c@section=\count277
\c@subsection=\count278
\c@subsubsection=\count279
\c@paragraph=\count280
\c@subparagraph=\count281
\c@figure=\count282
\c@table=\count283
\abovecaptionskip=\skip49
\belowcaptionskip=\skip50
\bibindent=\dimen148
) (./preamble/preamble.tex (/usr/local/texlive/2026/texmf-dist/tex/latex/base/inputenc.sty
Package: inputenc 2024/02/08 v1.3d Input encoding file
\inpenc@prehook=\toks17
\inpenc@posthook=\toks18
) (/usr/local/texlive/2026/texmf-dist/tex/latex/base/fontenc.sty
Package: fontenc 2025/07/18 v2.1d Standard LaTeX package
) (/usr/local/texlive/2026/texmf-dist/tex/generic/babel/babel.sty
Package: babel 2026/03/08 v26.4 The multilingual framework for LuaLaTeX, pdfLaTeX and XeLaTeX
\babel@savecnt=\count284
LaTeX Encoding Info:    Redeclaring text command \ij (encoding OT1) on input line 2078.
LaTeX Encoding Info:    Redeclaring text command \IJ (encoding OT1) on input line 2080.
LaTeX Encoding Info:    Redeclaring text command \ij (encoding T1) on input line 2082.
LaTeX Encoding Info:    Redeclaring text command \IJ (encoding T1) on input line 2083.
LaTeX Encoding Info:    Ignoring declaration for text command \ij (encoding ?) on input line 2084.
LaTeX Encoding Info:    Ignoring declaration for text command \IJ (encoding ?) on input line 2086.
LaTeX Encoding Info:    Ignoring declaration for text command \SS (encoding ?) on input line 2111.
\U@D=\dimen149
\l@unhyphenated=\language91
 (/usr/local/texlive/2026/texmf-dist/tex/generic/babel/txtbabel.def)
\bbl@readstream=\read2
\bbl@dirlevel=\count285
 (/usr/local/texlive/2026/texmf-dist/tex/generic/babel/locale/en/babel-english.tex)
Package babel Info: Importing font and identification data for english
(babel)             from babel-en.ini. Reported on input line 4330.
 (/usr/local/texlive/2026/texmf-dist/tex/generic/babel-english/english.ldf
Language: english 2017/06/06 v3.3r English support from the babel system
Package babel Info: Hyphen rules for 'canadian' set to \l@english
(babel)             (\language0). Reported on input line 102.
Package babel Info: Hyphen rules for 'australian' set to \l@ukenglish
(babel)             (\language22). Reported on input line 105.
Package babel Info: Hyphen rules for 'newzealand' set to \l@ukenglish
(babel)             (\language22). Reported on input line 108.
)) (/usr/local/texlive/2026/texmf-dist/tex/latex/geometry/geometry.sty
Package: geometry 2026/03/07 v6.0 Page Geometry
 (/usr/local/texlive/2026/texmf-dist/tex/latex/graphics/keyval.sty
Package: keyval 2022/05/29 v1.15 key=value parser (DPC)
\KV@toks@=\toks19
) (/usr/local/texlive/2026/texmf-dist/tex/generic/iftex/ifvtex.sty
Package: ifvtex 2019/10/25 v1.7 ifvtex legacy package. Use iftex instead.
 (/usr/local/texlive/2026/texmf-dist/tex/generic/iftex/iftex.sty
Package: iftex 2024/12/12 v1.0g TeX engine tests
))
\Gm@cnth=\count286
\Gm@cntv=\count287
\c@Gm@tempcnt=\count288
\Gm@bindingoffset=\dimen150
\Gm@wd@mp=\dimen151
\Gm@odd@mp=\dimen152
\Gm@even@mp=\dimen153
\Gm@layoutwidth=\dimen154
\Gm@layoutheight=\dimen155
\Gm@layouthoffset=\dimen156
\Gm@layoutvoffset=\dimen157
\Gm@dimlist=\toks20
) (/usr/local/texlive/2026/texmf-dist/tex/latex/dirtytalk/dirtytalk.sty
Package: dirtytalk 2010/11/21 A package making "quoting" easier
 (/usr/local/texlive/2026/texmf-dist/tex/latex/kvoptions/kvoptions.sty
Package: kvoptions 2022-06-15 v3.15 Key value format for package options (HO)
 (/usr/local/texlive/2026/texmf-dist/tex/generic/ltxcmds/ltxcmds.sty
Package: ltxcmds 2023-12-04 v1.26 LaTeX kernel commands for general use (HO)
) (/usr/local/texlive/2026/texmf-dist/tex/latex/kvsetkeys/kvsetkeys.sty
Package: kvsetkeys 2022-10-05 v1.19 Key value parser (HO)
)) (/usr/local/texlive/2026/texmf-dist/tex/latex/base/ifthen.sty
Package: ifthen 2024/03/16 v1.1e Standard LaTeX ifthen package (DPC)
)
\c@dirtytalk@qdepth=\count289
) (/usr/local/texlive/2026/texmf-dist/tex/latex/parskip/parskip.sty
Package: parskip 2021-03-14 v2.0h non-zero parskip adjustments
 (/usr/local/texlive/2026/texmf-dist/tex/latex/etoolbox/etoolbox.sty
Package: etoolbox 2025/10/02 v2.5m e-TeX tools for LaTeX (JAW)
\etb@tempcnta=\count290
)) (/usr/local/texlive/2026/texmf-dist/tex/latex/enumitem/enumitem.sty
Package: enumitem 2025/02/06 v3.11 Customized lists
\labelindent=\skip51
\enit@outerparindent=\dimen158
\enit@toks=\toks21
\enit@inbox=\box53
\enit@count@id=\count291
\enitdp@description=\count292
) (/usr/local/texlive/2026/texmf-dist/tex/latex/graphics/graphicx.sty
Package: graphicx 2024/12/31 v1.2e Enhanced LaTeX Graphics (DPC,SPQR)
 (/usr/local/texlive/2026/texmf-dist/tex/latex/graphics/graphics.sty
Package: graphics 2024/08/06 v1.4g Standard LaTeX Graphics (DPC,SPQR)
 (/usr/local/texlive/2026/texmf-dist/tex/latex/graphics/trig.sty
Package: trig 2023/12/02 v1.11 sin cos tan (DPC)
) (/usr/local/texlive/2026/texmf-dist/tex/latex/graphics-cfg/graphics.cfg
File: graphics.cfg 2016/06/04 v1.11 sample graphics configuration
)
Package graphics Info: Driver file: pdftex.def on input line 106.
 (/usr/local/texlive/2026/texmf-dist/tex/latex/graphics-def/pdftex.def
File: pdftex.def 2025/09/29 v1.2d Graphics/color driver for pdftex
))
\Gin@req@height=\dimen159
\Gin@req@width=\dimen160
) (/usr/local/texlive/2026/texmf-dist/tex/latex/float/float.sty
Package: float 2001/11/08 v1.3d Float enhancements (AL)
\c@float@type=\count293
\float@exts=\toks22
\float@box=\box54
\@float@everytoks=\toks23
\@floatcapt=\box55
) (/usr/local/texlive/2026/texmf-dist/tex/latex/tools/longtable.sty
Package: longtable 2025-10-13 v4.24 Multi-page Table package (DPC)
\LTleft=\skip52
\LTright=\skip53
\LTpre=\skip54
\LTpost=\skip55
\LTchunksize=\count294
\LTcapwidth=\dimen161
\LT@head=\box56
\LT@firsthead=\box57
\LT@foot=\box58
\LT@lastfoot=\box59
\LT@gbox=\box60
\LT@cols=\count295
\LT@rows=\count296
\c@LT@tables=\count297
\c@LT@chunks=\count298
\LT@p@ftn=\toks24
) (/usr/local/texlive/2026/texmf-dist/tex/latex/setspace/setspace.sty
Package: setspace 2022/12/04 v6.7b set line spacing
) (/usr/local/texlive/2026/texmf-dist/tex/latex/tools/tabularx.sty
Package: tabularx 2023/12/11 v2.12a `tabularx' package (DPC)
 (/usr/local/texlive/2026/texmf-dist/tex/latex/tools/array.sty
Package: array 2025/09/25 v2.6n Tabular extension package (FMi)
\col@sep=\dimen162
\ar@mcellbox=\box61
\extrarowheight=\dimen163
\NC@list=\toks25
\extratabsurround=\skip56
\backup@length=\skip57
\ar@cellbox=\box62
)
\TX@col@width=\dimen164
\TX@old@table=\dimen165
\TX@old@col=\dimen166
\TX@target=\dimen167
\TX@delta=\dimen168
\TX@cols=\count299
\TX@ftn=\toks26
)
\mybox=\box63
 (/usr/local/texlive/2026/texmf-dist/tex/latex/fancyhdr/fancyhdr.sty
Package: fancyhdr 2025/02/07 v5.2 Extensive control of page headers and footers
\f@nch@headwidth=\skip58
\f@nch@offset@elh=\skip59
\f@nch@offset@erh=\skip60
\f@nch@offset@olh=\skip61
\f@nch@offset@orh=\skip62
\f@nch@offset@elf=\skip63
\f@nch@offset@erf=\skip64
\f@nch@offset@olf=\skip65
\f@nch@offset@orf=\skip66
\f@nch@height=\skip67
\f@nch@footalignment=\skip68
\f@nch@widthL=\skip69
\f@nch@widthC=\skip70
\f@nch@widthR=\skip71
\@temptokenb=\toks27
) (/usr/local/texlive/2026/texmf-dist/tex/latex/biblatex/biblatex.sty
Package: biblatex 2025/07/10 v3.21 programmable bibliographies (PK/MW)
 (/usr/local/texlive/2026/texmf-dist/tex/generic/pdftexcmds/pdftexcmds.sty
Package: pdftexcmds 2020-06-27 v0.33 Utility functions of pdfTeX for LuaTeX (HO)
 (/usr/local/texlive/2026/texmf-dist/tex/generic/infwarerr/infwarerr.sty
Package: infwarerr 2019/12/03 v1.5 Providing info/warning/error messages (HO)
)
Package pdftexcmds Info: \pdf@primitive is available.
Package pdftexcmds Info: \pdf@ifprimitive is available.
Package pdftexcmds Info: \pdfdraftmode found.
) (/usr/local/texlive/2026/texmf-dist/tex/latex/logreq/logreq.sty
Package: logreq 2010/08/04 v1.0 xml request logger
\lrq@indent=\count300
 (/usr/local/texlive/2026/texmf-dist/tex/latex/logreq/logreq.def
File: logreq.def 2010/08/04 v1.0 logreq spec v1.0
)) (/usr/local/texlive/2026/texmf-dist/tex/latex/url/url.sty
\Urlmuskip=\muskip17
Package: url 2013/09/16  ver 3.4  Verb mode for urls, etc.
)
\c@tabx@nest=\count301
\c@listtotal=\count302
\c@listcount=\count303
\c@liststart=\count304
\c@liststop=\count305
\c@citecount=\count306
\c@citetotal=\count307
\c@multicitecount=\count308
\c@multicitetotal=\count309
\c@instcount=\count310
\c@maxnames=\count311
\c@minnames=\count312
\c@maxitems=\count313
\c@minitems=\count314
\c@citecounter=\count315
\c@maxcitecounter=\count316
\c@savedcitecounter=\count317
\c@uniquelist=\count318
\c@uniquename=\count319
\c@refsection=\count320
\c@refsegment=\count321
\c@maxextratitle=\count322
\c@maxextratitleyear=\count323
\c@maxextraname=\count324
\c@maxextradate=\count325
\c@maxextraalpha=\count326
\c@abbrvpenalty=\count327
\c@highnamepenalty=\count328
\c@lownamepenalty=\count329
\c@maxparens=\count330
\c@parenlevel=\count331
\blx@tempcnta=\count332
\blx@tempcntb=\count333
\blx@tempcntc=\count334
\c@blx@maxsection=\count335
\blx@maxsegment@0=\count336
\blx@notetype=\count337
\blx@parenlevel@text=\count338
\blx@parenlevel@foot=\count339
\blx@sectionciteorder@0=\count340
\blx@sectionciteorderinternal@0=\count341
\blx@entrysetcounter=\count342
\blx@biblioinstance=\count343
\labelnumberwidth=\skip72
\labelalphawidth=\skip73
\biblabelsep=\skip74
\bibitemsep=\skip75
\bibnamesep=\skip76
\bibinitsep=\skip77
\bibparsep=\skip78
\bibhang=\skip79
\blx@bcfin=\read3
\blx@bcfout=\write3
\blx@langwohyphens=\language92
\c@mincomprange=\count344
\c@maxcomprange=\count345
\c@mincompwidth=\count346
Package biblatex Info: Trying to load biblatex default data model...
Package biblatex Info: ... file 'blx-dm.def' found.
 (/usr/local/texlive/2026/texmf-dist/tex/latex/biblatex/blx-dm.def
File: blx-dm.def 2025/07/10 v3.21 biblatex datamodel (PK/MW)
)
Package biblatex Info: Trying to load biblatex custom data model...
Package biblatex Info: ... file 'biblatex-dm.cfg' not found.
\c@afterword=\count347
\c@savedafterword=\count348
\c@annotator=\count349
\c@savedannotator=\count350
\c@author=\count351
\c@savedauthor=\count352
\c@bookauthor=\count353
\c@savedbookauthor=\count354
\c@commentator=\count355
\c@savedcommentator=\count356
\c@editor=\count357
\c@savededitor=\count358
\c@editora=\count359
\c@savededitora=\count360
\c@editorb=\count361
\c@savededitorb=\count362
\c@editorc=\count363
\c@savededitorc=\count364
\c@foreword=\count365
\c@savedforeword=\count366
\c@holder=\count367
\c@savedholder=\count368
\c@introduction=\count369
\c@savedintroduction=\count370
\c@namea=\count371
\c@savednamea=\count372
\c@nameb=\count373
\c@savednameb=\count374
\c@namec=\count375
\c@savednamec=\count376
\c@translator=\count377
\c@savedtranslator=\count378
\c@shortauthor=\count379
\c@savedshortauthor=\count380
\c@shorteditor=\count381
\c@savedshorteditor=\count382
\c@labelname=\count383
\c@savedlabelname=\count384
\c@institution=\count385
\c@savedinstitution=\count386
\c@lista=\count387
\c@savedlista=\count388
\c@listb=\count389
\c@savedlistb=\count390
\c@listc=\count391
\c@savedlistc=\count392
\c@listd=\count393
\c@savedlistd=\count394
\c@liste=\count395
\c@savedliste=\count396
\c@listf=\count397
\c@savedlistf=\count398
\c@location=\count399
\c@savedlocation=\count400
\c@organization=\count401
\c@savedorganization=\count402
\c@origlocation=\count403
\c@savedoriglocation=\count404
\c@origpublisher=\count405
\c@savedorigpublisher=\count406
\c@publisher=\count407
\c@savedpublisher=\count408
\c@language=\count409
\c@savedlanguage=\count410
\c@origlanguage=\count411
\c@savedoriglanguage=\count412
\c@pageref=\count413
\c@savedpageref=\count414
\shorthandwidth=\skip80
\shortjournalwidth=\skip81
\shortserieswidth=\skip82
\shorttitlewidth=\skip83
\shortauthorwidth=\skip84
\shorteditorwidth=\skip85
\locallabelnumberwidth=\skip86
\locallabelalphawidth=\skip87
\localshorthandwidth=\skip88
\localshortjournalwidth=\skip89
\localshortserieswidth=\skip90
\localshorttitlewidth=\skip91
\localshortauthorwidth=\skip92
\localshorteditorwidth=\skip93
Package biblatex Info: Trying to load compatibility code...
Package biblatex Info: ... file 'blx-compat.def' found.
 (/usr/local/texlive/2026/texmf-dist/tex/latex/biblatex/blx-compat.def
File: blx-compat.def 2025/07/10 v3.21 biblatex compatibility (PK/MW)
)
Package biblatex Info: Trying to load generic definitions...
Package biblatex Info: ... file 'biblatex.def' found.
 (/usr/local/texlive/2026/texmf-dist/tex/latex/biblatex/biblatex.def
File: biblatex.def 2025/07/10 v3.21 biblatex compatibility (PK/MW)
\c@textcitecount=\count415
\c@textcitetotal=\count416
\c@textcitemaxnames=\count417
\c@biburlbigbreakpenalty=\count418
\c@biburlbreakpenalty=\count419
\c@biburlnumpenalty=\count420
\c@biburlucpenalty=\count421
\c@biburllcpenalty=\count422
\biburlbigskip=\muskip18
\biburlnumskip=\muskip19
\biburlucskip=\muskip20
\biburllcskip=\muskip21
\c@smartand=\count423
)
Package biblatex Info: Trying to load bibliography style 'numeric'...
Package biblatex Info: ... file 'numeric.bbx' found.
 (/usr/local/texlive/2026/texmf-dist/tex/latex/biblatex/bbx/numeric.bbx
File: numeric.bbx 2025/07/10 v3.21 biblatex bibliography style (PK/MW)
Package biblatex Info: Trying to load bibliography style 'standard'...
Package biblatex Info: ... file 'standard.bbx' found.
 (/usr/local/texlive/2026/texmf-dist/tex/latex/biblatex/bbx/standard.bbx
File: standard.bbx 2025/07/10 v3.21 biblatex bibliography style (PK/MW)
\c@bbx:relatedcount=\count424
\c@bbx:relatedtotal=\count425
))
Package biblatex Info: Trying to load citation style 'numeric'...
Package biblatex Info: ... file 'numeric.cbx' found.
 (/usr/local/texlive/2026/texmf-dist/tex/latex/biblatex/cbx/numeric.cbx
File: numeric.cbx 2025/07/10 v3.21 biblatex citation style (PK/MW)
Package biblatex Info: Redefining '\cite'.
Package biblatex Info: Redefining '\parencite'.
Package biblatex Info: Redefining '\footcite'.
Package biblatex Info: Redefining '\footcitetext'.
Package biblatex Info: Redefining '\smartcite'.
Package biblatex Info: Redefining '\supercite'.
Package biblatex Info: Redefining '\textcite'.
Package biblatex Info: Redefining '\textcites'.
Package biblatex Info: Redefining '\cites'.
Package biblatex Info: Redefining '\parencites'.
Package biblatex Info: Redefining '\smartcites'.
)
Package biblatex Info: Trying to load configuration file...
Package biblatex Info: ... file 'biblatex.cfg' found.
 (/usr/local/texlive/2026/texmf-dist/tex/latex/biblatex/biblatex.cfg
File: biblatex.cfg 
)
Package biblatex Info: Input encoding 'utf8' detected.
Package biblatex Info: Document encoding is UTF8 ....
 (/usr/local/texlive/2026/texmf-dist/tex/latex/l3kernel/expl3.sty
Package: expl3 2026-01-19 L3 programming layer (loader) 
 (/usr/local/texlive/2026/texmf-dist/tex/latex/l3backend/l3backend-pdftex.def
File: l3backend-pdftex.def 2025-10-09 L3 backend support: PDF output (pdfTeX)
\l__color_backend_stack_int=\count426
))
Package biblatex Info: ... and expl3
(biblatex)             2026-01-19 L3 programming layer (loader) 
(biblatex)             is new enough (at least 2020/04/06),
(biblatex)             setting 'casechanger=expl3'.
 (/usr/local/texlive/2026/texmf-dist/tex/latex/biblatex/blx-case-expl3.sty (/usr/local/texlive/2026/texmf-dist/tex/latex/l3packages/xparse/xparse.sty
Package: xparse 2025-10-09 L3 Experimental document command parser
)
Package: blx-case-expl3 2025/07/10 v3.21 expl3 case changing code for biblatex
)) (/usr/local/texlive/2026/texmf-dist/tex/latex/listing/listing.sty
Package: listing 1999/05/25

Package `listing', V1.2, <1999/05/25>
\c@listing=\count427
) (/usr/local/texlive/2026/texmf-dist/tex/latex/graphics/lscape.sty
Package: lscape 2020/05/28 v3.02 Landscape Pages (DPC)
) (/usr/local/texlive/2026/texmf-dist/tex/latex/tools/afterpage.sty
Package: afterpage 2023/07/04 v1.08 After-Page Package (DPC)
\AP@output=\toks28
\AP@partial=\box64
\AP@footins=\box65
) (/usr/local/texlive/2026/texmf-dist/tex/latex/lipsum/lipsum.sty (/usr/local/texlive/2026/texmf-dist/tex/latex/l3packages/l3keys2e/l3keys2e.sty
Package: l3keys2e 2025-10-09 LaTeX2e option processing using LaTeX3 keys
)
Package: lipsum 2021-09-20 v2.7 150 paragraphs of Lorem Ipsum dummy text
\g__lipsum_par_int=\count428
\l__lipsum_a_int=\count429
\l__lipsum_b_int=\count430
 (/usr/local/texlive/2026/texmf-dist/tex/latex/lipsum/lipsum.ltd.tex)) (/usr/local/texlive/2026/texmf-dist/tex/latex/newpx/newpxtext.sty
Package: newpxtext 2025/06/07 v1.542 LaTeX and unicode LaTeX support for TeXGyrePagellaX (Michael Sharpe)
 `newpxtext' v1.542, 2025/06/07 Text macros taking advantage of TeXGyre Pagella and its extensions (msharpe) (/usr/local/texlive/2026/texmf-dist/tex/latex/base/fontenc.sty
Package: fontenc 2025/07/18 v2.1d Standard LaTeX package
) (/usr/local/texlive/2026/texmf-dist/tex/latex/xcolor/xcolor.sty
Package: xcolor 2024/09/29 v3.02 LaTeX color extensions (UK)
 (/usr/local/texlive/2026/texmf-dist/tex/latex/graphics-cfg/color.cfg
File: color.cfg 2016/01/02 v1.6 sample color configuration
)
Package xcolor Info: Driver file: pdftex.def on input line 274.
 (/usr/local/texlive/2026/texmf-dist/tex/latex/graphics/mathcolor.ltx)
Package xcolor Info: Model `cmy' substituted by `cmy0' on input line 1349.
Package xcolor Info: Model `hsb' substituted by `rgb' on input line 1353.
Package xcolor Info: Model `RGB' extended on input line 1365.
Package xcolor Info: Model `HTML' substituted by `rgb' on input line 1367.
Package xcolor Info: Model `Hsb' substituted by `hsb' on input line 1368.
Package xcolor Info: Model `tHsb' substituted by `hsb' on input line 1369.
Package xcolor Info: Model `HSB' substituted by `hsb' on input line 1370.
Package xcolor Info: Model `Gray' substituted by `gray' on input line 1371.
Package xcolor Info: Model `wave' substituted by `hsb' on input line 1372.
) (/usr/local/texlive/2026/texmf-dist/tex/latex/xpatch/xpatch.sty
Package: xpatch 2020/03/25 v0.3a Extending etoolbox patching commands
) (/usr/local/texlive/2026/texmf-dist/tex/latex/xkeyval/xkeyval.sty
Package: xkeyval 2025/11/04 v2.10 package option processing (HA)
 (/usr/local/texlive/2026/texmf-dist/tex/generic/xkeyval/xkeyval.tex (/usr/local/texlive/2026/texmf-dist/tex/generic/xkeyval/xkvutils.tex
\XKV@toks=\toks29
\XKV@tempa@toks=\toks30
\XKV@tempb@toks=\toks31
)
\XKV@depth=\count431
File: xkeyval.tex 2014/12/03 v2.7a key=value parser (HA)
)) (/usr/local/texlive/2026/texmf-dist/tex/latex/base/textcomp.sty
Package: textcomp 2024/04/24 v2.1b Standard LaTeX package
) (/usr/local/texlive/2026/texmf-dist/tex/generic/xstring/xstring.sty (/usr/local/texlive/2026/texmf-dist/tex/generic/xstring/xstring.tex
\xs_counta=\count432
\xs_countb=\count433
)
Package: xstring 2023/08/22 v1.86 String manipulations (CT)
) (/usr/local/texlive/2026/texmf-dist/tex/latex/carlisle/scalefnt.sty)
LaTeX Font Info:    Setting zplLF sub-encoding to TS1/0 on input line 40.
LaTeX Font Info:    Setting zplTLF sub-encoding to TS1/0 on input line 40.
LaTeX Font Info:    Setting zplOsF sub-encoding to TS1/0 on input line 40.
LaTeX Font Info:    Setting zplTOsF sub-encoding to TS1/0 on input line 40.
\zpl@cnt=\count434
 (/usr/local/texlive/2026/texmf-dist/tex/latex/fontaxes/fontaxes.sty
Package: fontaxes 2026-01-02 v2.0.2 Font selection axes (deprecated)
Applying: [2024-11-01] Use figureversions if present on input line 74.
 (/usr/local/texlive/2026/texmf-dist/tex/latex/figureversions/figureversions.sty
Package: figureversions 2025-04-29 v1.0.1 Figure versions
)
Already applied: [0000-00-00] Fall back to v1 on input line 76.
)
\zpl@sixem=\dimen169
\zpl@y=\dimen170
\zpl@x=\dimen171
\zpl@tmpdima=\dimen172
\zpl@tmpdimb=\dimen173
\zpl@tmpdimc=\dimen174
\zpl@tmpdimd=\dimen175
\zpl@tmpdime=\dimen176
\zpl@tmpdimf=\dimen177
\zpl@dimA=\dimen178
\zpl@dimAA=\dimen179
\zpl@dimB=\dimen180
\zpl@dimBB=\dimen181
\zpl@dimC=\dimen182
LaTeX Info: Redefining \oldstylenums on input line 807.
LaTeX Font Info:    Trying to load font information for T1+zplLF on input line 815.
 (/usr/local/texlive/2026/texmf-dist/tex/latex/newpx/t1zpllf.fd
File: t1zpllf.fd 2021/05/25 v1.0 font definition file for T1/zpl/lf
)
LaTeX Font Info:    Trying to load font information for T1+zplTLF on input line 816.
 (/usr/local/texlive/2026/texmf-dist/tex/latex/newpx/t1zpltlf.fd
File: t1zpltlf.fd 2021/05/25 v1.0 font definition file for T1/zpl/tlf
)
LaTeX Font Info:    Trying to load font information for T1+zplOsF on input line 817.
 (/usr/local/texlive/2026/texmf-dist/tex/latex/newpx/t1zplosf.fd
File: t1zplosf.fd 2021/05/25 v1.0 font definition file for T1/zpl/osf
)
LaTeX Font Info:    Trying to load font information for T1+zplTOsF on input line 818.
 (/usr/local/texlive/2026/texmf-dist/tex/latex/newpx/t1zpltosf.fd
File: t1zpltosf.fd 2021/05/25 v1.0 font definition file for T1/zpl/tosf
)) (/usr/local/texlive/2026/texmf-dist/tex/latex/eulerpx/eulerpx.sty
Package: eulerpx 2022/07/14 v1.0

Package: `eulerpx' v1.0 <2022/07/14>
(/usr/local/texlive/2026/texmf-dist/tex/latex/amsmath/amsmath.sty
Package: amsmath 2025/07/09 v2.17z AMS math features
\@mathmargin=\skip94

For additional information on amsmath, use the `?' option.
(/usr/local/texlive/2026/texmf-dist/tex/latex/amsmath/amstext.sty
Package: amstext 2024/11/17 v2.01 AMS text
 (/usr/local/texlive/2026/texmf-dist/tex/latex/amsmath/amsgen.sty
File: amsgen.sty 1999/11/30 v2.0 generic functions
\@emptytoks=\toks32
\ex@=\dimen183
)) (/usr/local/texlive/2026/texmf-dist/tex/latex/amsmath/amsbsy.sty
Package: amsbsy 1999/11/29 v1.2d Bold Symbols
\pmbraise@=\dimen184
) (/usr/local/texlive/2026/texmf-dist/tex/latex/amsmath/amsopn.sty
Package: amsopn 2022/04/08 v2.04 operator names
)
\inf@bad=\count435
LaTeX Info: Redefining \frac on input line 233.
\uproot@=\count436
\leftroot@=\count437
LaTeX Info: Redefining \overline on input line 398.
LaTeX Info: Redefining \colon on input line 409.
\classnum@=\count438
\DOTSCASE@=\count439
LaTeX Info: Redefining \ldots on input line 495.
LaTeX Info: Redefining \dots on input line 498.
LaTeX Info: Redefining \cdots on input line 619.
\Mathstrutbox@=\box66
\strutbox@=\box67
LaTeX Info: Redefining \big on input line 721.
LaTeX Info: Redefining \Big on input line 722.
LaTeX Info: Redefining \bigg on input line 723.
LaTeX Info: Redefining \Bigg on input line 724.
\big@size=\dimen185
LaTeX Font Info:    Redeclaring font encoding OML on input line 742.
LaTeX Font Info:    Redeclaring font encoding OMS on input line 743.
\macc@depth=\count440
LaTeX Info: Redefining \bmod on input line 904.
LaTeX Info: Redefining \pmod on input line 909.
LaTeX Info: Redefining \smash on input line 939.
LaTeX Info: Redefining \relbar on input line 969.
LaTeX Info: Redefining \Relbar on input line 970.
\c@MaxMatrixCols=\count441
\dotsspace@=\muskip22
\c@parentequation=\count442
\dspbrk@lvl=\count443
\tag@help=\toks33
\row@=\count444
\column@=\count445
\maxfields@=\count446
\andhelp@=\toks34
\eqnshift@=\dimen186
\alignsep@=\dimen187
\tagshift@=\dimen188
\tagwidth@=\dimen189
\totwidth@=\dimen190
\lineht@=\dimen191
\@envbody=\toks35
\multlinegap=\skip95
\multlinetaggap=\skip96
\mathdisplay@stack=\toks36
LaTeX Info: Redefining \[ on input line 2950.
LaTeX Info: Redefining \] on input line 2951.
) (/usr/local/texlive/2026/texmf-dist/tex/latex/newpx/newpxmath.sty
Package: newpxmath 2025/10/30 v1.551 LaTeX math support for newpx (Michael Sharpe)
 `newpxmath' v1.551, 2025/10/30 Math macros based on pxfonts (msharpe) (/usr/local/texlive/2026/texmf-dist/tex/generic/kastrup/binhex.tex) (/usr/local/texlive/2026/texmf-dist/tex/latex/oberdiek/centernot.sty
Package: centernot 2016/05/16 v1.4 Centers the not symbol horizontally (HO)
)
\px@tA=\toks37
\px@tB=\toks38
\px@su=\read4
\px@Isdigit=\count447

amsthm NOT loaded
LaTeX Font Info:    Redeclaring symbol font `operators' on input line 224.
LaTeX Font Info:    Overwriting symbol font `operators' in version `normal'
(Font)                  OT1/cmr/m/n --> OT1/minzpl/m/n on input line 224.
LaTeX Font Info:    Overwriting symbol font `operators' in version `bold'
(Font)                  OT1/cmr/bx/n --> OT1/minzpl/m/n on input line 224.
LaTeX Font Info:    Overwriting symbol font `operators' in version `bold'
(Font)                  OT1/minzpl/m/n --> OT1/minzpl/b/n on input line 225.
LaTeX Font Info:    Redeclaring math alphabet \mathsf on input line 228.
LaTeX Font Info:    Overwriting math alphabet `\mathsf' in version `normal'
(Font)                  OT1/cmss/m/n --> T1/qhv/m/n on input line 228.
LaTeX Font Info:    Overwriting math alphabet `\mathsf' in version `bold'
(Font)                  OT1/cmss/bx/n --> T1/qhv/m/n on input line 228.
LaTeX Font Info:    Redeclaring math alphabet \mathit on input line 229.
LaTeX Font Info:    Overwriting math alphabet `\mathit' in version `normal'
(Font)                  OT1/cmr/m/it --> OT1/minzpl/m/it on input line 229.
LaTeX Font Info:    Overwriting math alphabet `\mathit' in version `bold'
(Font)                  OT1/cmr/bx/it --> OT1/minzpl/m/it on input line 229.
LaTeX Font Info:    Redeclaring math alphabet \mathtt on input line 230.
LaTeX Font Info:    Overwriting math alphabet `\mathtt' in version `normal'
(Font)                  OT1/cmtt/m/n --> T1/npxtt/m/n on input line 230.
LaTeX Font Info:    Overwriting math alphabet `\mathtt' in version `bold'
(Font)                  OT1/cmtt/m/n --> T1/npxtt/m/n on input line 230.
LaTeX Font Info:    Redeclaring math alphabet \mathbf on input line 232.
LaTeX Font Info:    Overwriting math alphabet `\mathbf' in version `normal'
(Font)                  OT1/cmr/bx/n --> OT1/minzpl/b/n on input line 232.
LaTeX Font Info:    Overwriting math alphabet `\mathbf' in version `bold'
(Font)                  OT1/cmr/bx/n --> OT1/minzpl/b/n on input line 232.
LaTeX Font Info:    Overwriting math alphabet `\mathit' in version `bold'
(Font)                  OT1/minzpl/m/it --> OT1/minzpl/b/it on input line 233.
LaTeX Font Info:    Overwriting math alphabet `\mathsf' in version `bold'
(Font)                  T1/qhv/m/n --> T1/qhv/b/n on input line 235.
LaTeX Font Info:    Overwriting math alphabet `\mathtt' in version `bold'
(Font)                  T1/npxtt/m/n --> T1/npxtt/b/n on input line 236.
LaTeX Font Info:    Redeclaring symbol font `letters' on input line 247.
LaTeX Font Info:    Overwriting symbol font `letters' in version `normal'
(Font)                  OML/cmm/m/it --> OML/npxmi/m/it on input line 247.
LaTeX Font Info:    Overwriting symbol font `letters' in version `bold'
(Font)                  OML/cmm/b/it --> OML/npxmi/m/it on input line 247.
LaTeX Font Info:    Overwriting symbol font `letters' in version `bold'
(Font)                  OML/npxmi/m/it --> OML/npxmi/b/it on input line 248.
\symlettersA=\mathgroup4
LaTeX Font Info:    Overwriting symbol font `lettersA' in version `bold'
(Font)                  U/npxmia/m/it --> U/npxmia/b/it on input line 266.
Now handling font encoding LMS ...
... no UTF-8 mapping file for font encoding LMS
LaTeX Font Info:    Redeclaring symbol font `symbols' on input line 276.
LaTeX Font Info:    Encoding `OMS' has changed to `LMS' for symbol font
(Font)              `symbols' in the math version `normal' on input line 276.
LaTeX Font Info:    Overwriting symbol font `symbols' in version `normal'
(Font)                  OMS/cmsy/m/n --> LMS/npxsy/m/n on input line 276.
LaTeX Font Info:    Encoding `OMS' has changed to `LMS' for symbol font
(Font)              `symbols' in the math version `bold' on input line 276.
LaTeX Font Info:    Overwriting symbol font `symbols' in version `bold'
(Font)                  OMS/cmsy/b/n --> LMS/npxsy/m/n on input line 276.
LaTeX Font Info:    Overwriting symbol font `symbols' in version `bold'
(Font)                  LMS/npxsy/m/n --> LMS/npxsy/b/n on input line 277.
\symAMSm=\mathgroup5
LaTeX Font Info:    Overwriting symbol font `AMSm' in version `bold'
(Font)                  U/npxsym/m/n --> U/npxsym/b/n on input line 297.
\symsymbolsC=\mathgroup6
LaTeX Font Info:    Overwriting symbol font `symbolsC' in version `bold'
(Font)                  U/npxsyc/m/n --> U/npxsyc/b/n on input line 319.
Now handling font encoding LMX ...
... no UTF-8 mapping file for font encoding LMX
LaTeX Font Info:    Redeclaring symbol font `largesymbols' on input line 339.
LaTeX Font Info:    Encoding `OMX' has changed to `LMX' for symbol font
(Font)              `largesymbols' in the math version `normal' on input line 339.
LaTeX Font Info:    Overwriting symbol font `largesymbols' in version `normal'
(Font)                  OMX/cmex/m/n --> LMX/npxexx/m/n on input line 339.
LaTeX Font Info:    Encoding `OMX' has changed to `LMX' for symbol font
(Font)              `largesymbols' in the math version `bold' on input line 339.
LaTeX Font Info:    Overwriting symbol font `largesymbols' in version `bold'
(Font)                  OMX/cmex/m/n --> LMX/npxexx/m/n on input line 339.
LaTeX Font Info:    Overwriting symbol font `largesymbols' in version `bold'
(Font)                  LMX/npxexx/m/n --> LMX/npxexx/b/n on input line 340.
\symlargesymbolsPXA=\mathgroup7
LaTeX Font Info:    Overwriting symbol font `largesymbolsPXA' in version `bold'
(Font)                  U/npxexa/m/n --> U/npxexa/b/n on input line 347.
\px@cntz=\count448
\px@IsAlNum=\count449
\px@sbptoks=\toks39
LaTeX Font Info:    Redeclaring math delimiter \lfloor on input line 502.
LaTeX Font Info:    Redeclaring math delimiter \rfloor on input line 503.
LaTeX Font Info:    Redeclaring math delimiter \lceil on input line 504.
LaTeX Font Info:    Redeclaring math delimiter \rceil on input line 505.
LaTeX Font Info:    Redeclaring math delimiter \lbrace on input line 510.
LaTeX Font Info:    Redeclaring math delimiter \rbrace on input line 511.
LaTeX Font Info:    Redeclaring math delimiter \langle on input line 513.
LaTeX Font Info:    Redeclaring math delimiter \rangle on input line 515.
LaTeX Font Info:    Redeclaring math delimiter \arrowvert on input line 519.
LaTeX Font Info:    Redeclaring math delimiter \vert on input line 520.
LaTeX Font Info:    Redeclaring math symbol \parallel on input line 521.
LaTeX Font Info:    Redeclaring math delimiter \Arrowvert on input line 522.
LaTeX Font Info:    Redeclaring math symbol \hbar on input line 548.
LaTeX Font Info:    Redeclaring math accent \grave on input line 562.
LaTeX Font Info:    Redeclaring math accent \acute on input line 563.
LaTeX Font Info:    Redeclaring math accent \hat on input line 564.
LaTeX Font Info:    Redeclaring math accent \tilde on input line 565.
LaTeX Font Info:    Redeclaring math accent \bar on input line 566.
LaTeX Font Info:    Redeclaring math accent \breve on input line 567.
LaTeX Font Info:    Redeclaring math accent \mathring on input line 568.
LaTeX Font Info:    Redeclaring math accent \check on input line 569.
LaTeX Font Info:    Redeclaring math accent \dot on input line 573.
LaTeX Font Info:    Redeclaring math accent \ddot on input line 574.
LaTeX Font Info:    Redeclaring math accent \vec on input line 1631.
LaTeX Info: Redefining \Bbbk on input line 2208.
LaTeX Info: Redefining \not on input line 2548.
)
LaTeX Font Info:    Redeclaring math symbol \ldotp on input line 104.
LaTeX Font Info:    Redeclaring symbol font `operators' on input line 108.
LaTeX Font Info:    Overwriting symbol font `operators' in version `normal'
(Font)                  OT1/minzpl/m/n --> OT1/minzpl/m/n on input line 108.
LaTeX Font Info:    Overwriting symbol font `operators' in version `bold'
(Font)                  OT1/minzpl/b/n --> OT1/minzpl/m/n on input line 108.
LaTeX Font Info:    Overwriting symbol font `operators' in version `bold'
(Font)                  OT1/minzpl/m/n --> OT1/minzpl/b/n on input line 109.
LaTeX Font Info:    Redeclaring math alphabet \mathsf on input line 114.
LaTeX Font Info:    Overwriting math alphabet `\mathsf' in version `normal'
(Font)                  T1/qhv/m/n --> T1/qhv/m/n on input line 114.
LaTeX Font Info:    Overwriting math alphabet `\mathsf' in version `bold'
(Font)                  T1/qhv/b/n --> T1/qhv/m/n on input line 114.
LaTeX Font Info:    Redeclaring math alphabet \mathit on input line 115.
LaTeX Font Info:    Overwriting math alphabet `\mathit' in version `normal'
(Font)                  OT1/minzpl/m/it --> OT1/minzpl/m/it on input line 115.
LaTeX Font Info:    Overwriting math alphabet `\mathit' in version `bold'
(Font)                  OT1/minzpl/b/it --> OT1/minzpl/m/it on input line 115.
LaTeX Font Info:    Redeclaring math alphabet \mathtt on input line 116.
LaTeX Font Info:    Overwriting math alphabet `\mathtt' in version `normal'
(Font)                  T1/npxtt/m/n --> T1/npxtt/m/n on input line 116.
LaTeX Font Info:    Overwriting math alphabet `\mathtt' in version `bold'
(Font)                  T1/npxtt/b/n --> T1/npxtt/m/n on input line 116.
LaTeX Font Info:    Overwriting math alphabet `\mathsf' in version `bold'
(Font)                  T1/qhv/m/n --> T1/qhv/b/n on input line 117.
LaTeX Font Info:    Overwriting math alphabet `\mathit' in version `bold'
(Font)                  OT1/minzpl/m/it --> OT1/minzpl/b/it on input line 118.
LaTeX Font Info:    Overwriting math alphabet `\mathtt' in version `bold'
(Font)                  T1/npxtt/m/n --> T1/npxtt/b/n on input line 119.
LaTeX Font Info:    Redeclaring math alphabet \mathbf on input line 120.
LaTeX Font Info:    Overwriting math alphabet `\mathbf' in version `normal'
(Font)                  OT1/minzpl/b/n --> OT1/minzpl/b/n on input line 120.
LaTeX Font Info:    Overwriting math alphabet `\mathbf' in version `bold'
(Font)                  OT1/minzpl/b/n --> OT1/minzpl/b/n on input line 120.
\symEulerRoman=\mathgroup8
LaTeX Font Info:    Overwriting symbol font `EulerRoman' in version `bold'
(Font)                  U/zeur/m/n --> U/zeur/b/n on input line 124.
LaTeX Font Info:    Overwriting math alphabet `\mathscr' in version `bold'
(Font)                  U/zeus/m/n --> U/zeus/b/n on input line 132.
LaTeX Font Info:    Overwriting math alphabet `\mathfrak' in version `bold'
(Font)                  U/euf/m/n --> U/euf/b/n on input line 151.
LaTeX Font Info:    Redeclaring math symbol \Gamma on input line 156.
LaTeX Font Info:    Redeclaring math symbol \Delta on input line 157.
LaTeX Font Info:    Redeclaring math symbol \Theta on input line 158.
LaTeX Font Info:    Redeclaring math symbol \Lambda on input line 159.
LaTeX Font Info:    Redeclaring math symbol \Xi on input line 160.
LaTeX Font Info:    Redeclaring math symbol \Pi on input line 161.
LaTeX Font Info:    Redeclaring math symbol \Sigma on input line 162.
LaTeX Font Info:    Redeclaring math symbol \Upsilon on input line 163.
LaTeX Font Info:    Redeclaring math symbol \Phi on input line 164.
LaTeX Font Info:    Redeclaring math symbol \Psi on input line 165.
LaTeX Font Info:    Redeclaring math symbol \Omega on input line 166.
LaTeX Font Info:    Redeclaring math symbol \alpha on input line 169.
LaTeX Font Info:    Redeclaring math symbol \beta on input line 170.
LaTeX Font Info:    Redeclaring math symbol \gamma on input line 171.
LaTeX Font Info:    Redeclaring math symbol \delta on input line 172.
LaTeX Font Info:    Redeclaring math symbol \epsilon on input line 173.
LaTeX Font Info:    Redeclaring math symbol \zeta on input line 174.
LaTeX Font Info:    Redeclaring math symbol \eta on input line 175.
LaTeX Font Info:    Redeclaring math symbol \theta on input line 176.
LaTeX Font Info:    Redeclaring math symbol \iota on input line 177.
LaTeX Font Info:    Redeclaring math symbol \kappa on input line 178.
LaTeX Font Info:    Redeclaring math symbol \lambda on input line 179.
LaTeX Font Info:    Redeclaring math symbol \mu on input line 180.
LaTeX Font Info:    Redeclaring math symbol \nu on input line 181.
LaTeX Font Info:    Redeclaring math symbol \xi on input line 182.
LaTeX Font Info:    Redeclaring math symbol \pi on input line 183.
LaTeX Font Info:    Redeclaring math symbol \rho on input line 184.
LaTeX Font Info:    Redeclaring math symbol \sigma on input line 185.
LaTeX Font Info:    Redeclaring math symbol \tau on input line 186.
LaTeX Font Info:    Redeclaring math symbol \upsilon on input line 187.
LaTeX Font Info:    Redeclaring math symbol \phi on input line 188.
LaTeX Font Info:    Redeclaring math symbol \chi on input line 189.
LaTeX Font Info:    Redeclaring math symbol \psi on input line 190.
LaTeX Font Info:    Redeclaring math symbol \omega on input line 191.
LaTeX Font Info:    Redeclaring math symbol \varepsilon on input line 192.
LaTeX Font Info:    Redeclaring math symbol \vartheta on input line 193.
LaTeX Font Info:    Redeclaring math symbol \varpi on input line 194.
LaTeX Font Info:    Redeclaring math symbol \varphi on input line 197.
LaTeX Font Info:    Redeclaring math symbol \partial on input line 215.
LaTeX Font Info:    Redeclaring math symbol \ell on input line 245.
LaTeX Font Info:    Redeclaring math symbol \imath on input line 275.
LaTeX Font Info:    Redeclaring math symbol \jmath on input line 276.
LaTeX Font Info:    Redeclaring math symbol \wp on input line 277.
) (/usr/local/texlive/2026/texmf-dist/tex/latex/amsfonts/amsfonts.sty
Package: amsfonts 2013/01/14 v3.01 Basic AMSFonts support
\symAMSa=\mathgroup9
\symAMSb=\mathgroup10
LaTeX Font Info:    Redeclaring math delimiter \ulcorner on input line 74.
LaTeX Font Info:    Redeclaring math delimiter \urcorner on input line 75.
LaTeX Font Info:    Redeclaring math delimiter \llcorner on input line 76.
LaTeX Font Info:    Redeclaring math delimiter \lrcorner on input line 77.
LaTeX Font Info:    Redeclaring math symbol \square on input line 141.
LaTeX Font Info:    Redeclaring math symbol \lozenge on input line 142.
) (/usr/local/texlive/2026/texmf-dist/tex/latex/amsfonts/amssymb.sty
Package: amssymb 2013/01/14 v3.01 AMS font symbols
LaTeX Font Info:    Redeclaring math symbol \boxdot on input line 44.
LaTeX Font Info:    Redeclaring math symbol \boxplus on input line 45.
LaTeX Font Info:    Redeclaring math symbol \boxtimes on input line 46.
LaTeX Font Info:    Redeclaring math symbol \blacksquare on input line 48.
LaTeX Font Info:    Redeclaring math symbol \centerdot on input line 49.
LaTeX Font Info:    Redeclaring math symbol \blacklozenge on input line 51.
LaTeX Font Info:    Redeclaring math symbol \circlearrowright on input line 52.
LaTeX Font Info:    Redeclaring math symbol \circlearrowleft on input line 53.
LaTeX Font Info:    Redeclaring math symbol \leftrightharpoons on input line 56.
LaTeX Font Info:    Redeclaring math symbol \boxminus on input line 57.
LaTeX Font Info:    Redeclaring math symbol \Vdash on input line 58.
LaTeX Font Info:    Redeclaring math symbol \Vvdash on input line 59.
LaTeX Font Info:    Redeclaring math symbol \vDash on input line 60.
LaTeX Font Info:    Redeclaring math symbol \twoheadrightarrow on input line 61.
LaTeX Font Info:    Redeclaring math symbol \twoheadleftarrow on input line 62.
LaTeX Font Info:    Redeclaring math symbol \leftleftarrows on input line 63.
LaTeX Font Info:    Redeclaring math symbol \rightrightarrows on input line 64.
LaTeX Font Info:    Redeclaring math symbol \upuparrows on input line 65.
LaTeX Font Info:    Redeclaring math symbol \downdownarrows on input line 66.
LaTeX Font Info:    Redeclaring math symbol \upharpoonright on input line 67.
LaTeX Font Info:    Redeclaring math symbol \downharpoonright on input line 69.
LaTeX Font Info:    Redeclaring math symbol \upharpoonleft on input line 70.
LaTeX Font Info:    Redeclaring math symbol \downharpoonleft on input line 71.
LaTeX Font Info:    Redeclaring math symbol \rightarrowtail on input line 72.
LaTeX Font Info:    Redeclaring math symbol \leftarrowtail on input line 73.
LaTeX Font Info:    Redeclaring math symbol \leftrightarrows on input line 74.
LaTeX Font Info:    Redeclaring math symbol \rightleftarrows on input line 75.
LaTeX Font Info:    Redeclaring math symbol \Lsh on input line 76.
LaTeX Font Info:    Redeclaring math symbol \Rsh on input line 77.
LaTeX Font Info:    Redeclaring math symbol \leftrightsquigarrow on input line 79.
LaTeX Font Info:    Redeclaring math symbol \looparrowleft on input line 80.
LaTeX Font Info:    Redeclaring math symbol \looparrowright on input line 81.
LaTeX Font Info:    Redeclaring math symbol \circeq on input line 82.
LaTeX Font Info:    Redeclaring math symbol \succsim on input line 83.
LaTeX Font Info:    Redeclaring math symbol \gtrsim on input line 84.
LaTeX Font Info:    Redeclaring math symbol \gtrapprox on input line 85.
LaTeX Font Info:    Redeclaring math symbol \multimap on input line 86.
LaTeX Font Info:    Redeclaring math symbol \therefore on input line 87.
LaTeX Font Info:    Redeclaring math symbol \because on input line 88.
LaTeX Font Info:    Redeclaring math symbol \doteqdot on input line 89.
LaTeX Font Info:    Redeclaring math symbol \triangleq on input line 91.
LaTeX Font Info:    Redeclaring math symbol \precsim on input line 92.
LaTeX Font Info:    Redeclaring math symbol \lesssim on input line 93.
LaTeX Font Info:    Redeclaring math symbol \lessapprox on input line 94.
LaTeX Font Info:    Redeclaring math symbol \eqslantless on input line 95.
LaTeX Font Info:    Redeclaring math symbol \eqslantgtr on input line 96.
LaTeX Font Info:    Redeclaring math symbol \curlyeqprec on input line 97.
LaTeX Font Info:    Redeclaring math symbol \curlyeqsucc on input line 98.
LaTeX Font Info:    Redeclaring math symbol \preccurlyeq on input line 99.
LaTeX Font Info:    Redeclaring math symbol \leqq on input line 100.
LaTeX Font Info:    Redeclaring math symbol \leqslant on input line 101.
LaTeX Font Info:    Redeclaring math symbol \lessgtr on input line 102.
LaTeX Font Info:    Redeclaring math symbol \backprime on input line 103.
LaTeX Font Info:    Redeclaring math symbol \risingdotseq on input line 104.
LaTeX Font Info:    Redeclaring math symbol \fallingdotseq on input line 105.
LaTeX Font Info:    Redeclaring math symbol \succcurlyeq on input line 106.
LaTeX Font Info:    Redeclaring math symbol \geqq on input line 107.
LaTeX Font Info:    Redeclaring math symbol \geqslant on input line 108.
LaTeX Font Info:    Redeclaring math symbol \gtrless on input line 109.
LaTeX Font Info:    Redeclaring math symbol \bigstar on input line 117.
LaTeX Font Info:    Redeclaring math symbol \between on input line 118.
LaTeX Font Info:    Redeclaring math symbol \blacktriangledown on input line 119.
LaTeX Font Info:    Redeclaring math symbol \blacktriangleright on input line 120.
LaTeX Font Info:    Redeclaring math symbol \blacktriangleleft on input line 121.
LaTeX Font Info:    Redeclaring math symbol \vartriangle on input line 122.
LaTeX Font Info:    Redeclaring math symbol \blacktriangle on input line 123.
LaTeX Font Info:    Redeclaring math symbol \triangledown on input line 124.
LaTeX Font Info:    Redeclaring math symbol \eqcirc on input line 125.
LaTeX Font Info:    Redeclaring math symbol \lesseqgtr on input line 126.
LaTeX Font Info:    Redeclaring math symbol \gtreqless on input line 127.
LaTeX Font Info:    Redeclaring math symbol \lesseqqgtr on input line 128.
LaTeX Font Info:    Redeclaring math symbol \gtreqqless on input line 129.
LaTeX Font Info:    Redeclaring math symbol \Rrightarrow on input line 130.
LaTeX Font Info:    Redeclaring math symbol \Lleftarrow on input line 131.
LaTeX Font Info:    Redeclaring math symbol \veebar on input line 132.
LaTeX Font Info:    Redeclaring math symbol \barwedge on input line 133.
LaTeX Font Info:    Redeclaring math symbol \doublebarwedge on input line 134.
LaTeX Font Info:    Redeclaring math symbol \measuredangle on input line 137.
LaTeX Font Info:    Redeclaring math symbol \sphericalangle on input line 138.
LaTeX Font Info:    Redeclaring math symbol \varpropto on input line 139.
LaTeX Font Info:    Redeclaring math symbol \smallsmile on input line 140.
LaTeX Font Info:    Redeclaring math symbol \smallfrown on input line 141.
LaTeX Font Info:    Redeclaring math symbol \Subset on input line 142.
LaTeX Font Info:    Redeclaring math symbol \Supset on input line 143.
LaTeX Font Info:    Redeclaring math symbol \Cup on input line 144.
LaTeX Font Info:    Redeclaring math symbol \Cap on input line 146.
LaTeX Font Info:    Redeclaring math symbol \curlywedge on input line 148.
LaTeX Font Info:    Redeclaring math symbol \curlyvee on input line 149.
LaTeX Font Info:    Redeclaring math symbol \leftthreetimes on input line 150.
LaTeX Font Info:    Redeclaring math symbol \rightthreetimes on input line 151.
LaTeX Font Info:    Redeclaring math symbol \subseteqq on input line 152.
LaTeX Font Info:    Redeclaring math symbol \supseteqq on input line 153.
LaTeX Font Info:    Redeclaring math symbol \bumpeq on input line 154.
LaTeX Font Info:    Redeclaring math symbol \Bumpeq on input line 155.
LaTeX Font Info:    Redeclaring math symbol \lll on input line 156.
LaTeX Font Info:    Redeclaring math symbol \ggg on input line 158.
LaTeX Font Info:    Redeclaring math symbol \circledS on input line 160.
LaTeX Font Info:    Redeclaring math symbol \pitchfork on input line 161.
LaTeX Font Info:    Redeclaring math symbol \dotplus on input line 162.
LaTeX Font Info:    Redeclaring math symbol \backsim on input line 163.
LaTeX Font Info:    Redeclaring math symbol \backsimeq on input line 164.
LaTeX Font Info:    Redeclaring math symbol \complement on input line 165.
LaTeX Font Info:    Redeclaring math symbol \intercal on input line 166.
LaTeX Font Info:    Redeclaring math symbol \circledcirc on input line 167.
LaTeX Font Info:    Redeclaring math symbol \circledast on input line 168.
LaTeX Font Info:    Redeclaring math symbol \circleddash on input line 169.
LaTeX Font Info:    Redeclaring math symbol \lvertneqq on input line 171.
LaTeX Font Info:    Redeclaring math symbol \gvertneqq on input line 172.
LaTeX Font Info:    Redeclaring math symbol \nleq on input line 173.
LaTeX Font Info:    Redeclaring math symbol \ngeq on input line 174.
LaTeX Font Info:    Redeclaring math symbol \nless on input line 175.
LaTeX Font Info:    Redeclaring math symbol \ngtr on input line 176.
LaTeX Font Info:    Redeclaring math symbol \nprec on input line 177.
LaTeX Font Info:    Redeclaring math symbol \nsucc on input line 178.
LaTeX Font Info:    Redeclaring math symbol \lneqq on input line 179.
LaTeX Font Info:    Redeclaring math symbol \gneqq on input line 180.
LaTeX Font Info:    Redeclaring math symbol \nleqslant on input line 181.
LaTeX Font Info:    Redeclaring math symbol \ngeqslant on input line 182.
LaTeX Font Info:    Redeclaring math symbol \lneq on input line 183.
LaTeX Font Info:    Redeclaring math symbol \gneq on input line 184.
LaTeX Font Info:    Redeclaring math symbol \npreceq on input line 185.
LaTeX Font Info:    Redeclaring math symbol \nsucceq on input line 186.
LaTeX Font Info:    Redeclaring math symbol \precnsim on input line 187.
LaTeX Font Info:    Redeclaring math symbol \succnsim on input line 188.
LaTeX Font Info:    Redeclaring math symbol \lnsim on input line 189.
LaTeX Font Info:    Redeclaring math symbol \gnsim on input line 190.
LaTeX Font Info:    Redeclaring math symbol \nleqq on input line 191.
LaTeX Font Info:    Redeclaring math symbol \ngeqq on input line 192.
LaTeX Font Info:    Redeclaring math symbol \precneqq on input line 193.
LaTeX Font Info:    Redeclaring math symbol \succneqq on input line 194.
LaTeX Font Info:    Redeclaring math symbol \precnapprox on input line 195.
LaTeX Font Info:    Redeclaring math symbol \succnapprox on input line 196.
LaTeX Font Info:    Redeclaring math symbol \lnapprox on input line 197.
LaTeX Font Info:    Redeclaring math symbol \gnapprox on input line 198.
LaTeX Font Info:    Redeclaring math symbol \nsim on input line 199.
LaTeX Font Info:    Redeclaring math symbol \ncong on input line 200.
LaTeX Font Info:    Redeclaring math symbol \diagup on input line 201.
LaTeX Font Info:    Redeclaring math symbol \diagdown on input line 202.
LaTeX Font Info:    Redeclaring math symbol \varsubsetneq on input line 203.
LaTeX Font Info:    Redeclaring math symbol \varsupsetneq on input line 204.
LaTeX Font Info:    Redeclaring math symbol \nsubseteqq on input line 205.
LaTeX Font Info:    Redeclaring math symbol \nsupseteqq on input line 206.
LaTeX Font Info:    Redeclaring math symbol \subsetneqq on input line 207.
LaTeX Font Info:    Redeclaring math symbol \supsetneqq on input line 208.
LaTeX Font Info:    Redeclaring math symbol \varsubsetneqq on input line 209.
LaTeX Font Info:    Redeclaring math symbol \varsupsetneqq on input line 210.
LaTeX Font Info:    Redeclaring math symbol \subsetneq on input line 211.
LaTeX Font Info:    Redeclaring math symbol \supsetneq on input line 212.
LaTeX Font Info:    Redeclaring math symbol \nsubseteq on input line 213.
LaTeX Font Info:    Redeclaring math symbol \nsupseteq on input line 214.
LaTeX Font Info:    Redeclaring math symbol \nparallel on input line 215.
LaTeX Font Info:    Redeclaring math symbol \nmid on input line 216.
LaTeX Font Info:    Redeclaring math symbol \nshortmid on input line 217.
LaTeX Font Info:    Redeclaring math symbol \nshortparallel on input line 218.
LaTeX Font Info:    Redeclaring math symbol \nvdash on input line 219.
LaTeX Font Info:    Redeclaring math symbol \nVdash on input line 220.
LaTeX Font Info:    Redeclaring math symbol \nvDash on input line 221.
LaTeX Font Info:    Redeclaring math symbol \nVDash on input line 222.
LaTeX Font Info:    Redeclaring math symbol \ntrianglerighteq on input line 223.
LaTeX Font Info:    Redeclaring math symbol \ntrianglelefteq on input line 224.
LaTeX Font Info:    Redeclaring math symbol \ntriangleleft on input line 225.
LaTeX Font Info:    Redeclaring math symbol \ntriangleright on input line 226.
LaTeX Font Info:    Redeclaring math symbol \nleftarrow on input line 227.
LaTeX Font Info:    Redeclaring math symbol \nrightarrow on input line 228.
LaTeX Font Info:    Redeclaring math symbol \nLeftarrow on input line 229.
LaTeX Font Info:    Redeclaring math symbol \nRightarrow on input line 230.
LaTeX Font Info:    Redeclaring math symbol \nLeftrightarrow on input line 231.
LaTeX Font Info:    Redeclaring math symbol \nleftrightarrow on input line 232.
LaTeX Font Info:    Redeclaring math symbol \divideontimes on input line 233.
LaTeX Font Info:    Redeclaring math symbol \varnothing on input line 234.
LaTeX Font Info:    Redeclaring math symbol \nexists on input line 235.
LaTeX Font Info:    Redeclaring math symbol \Finv on input line 236.
LaTeX Font Info:    Redeclaring math symbol \Game on input line 237.
LaTeX Font Info:    Redeclaring math symbol \eth on input line 240.
LaTeX Font Info:    Redeclaring math symbol \eqsim on input line 241.
LaTeX Font Info:    Redeclaring math symbol \beth on input line 242.
LaTeX Font Info:    Redeclaring math symbol \gimel on input line 243.
LaTeX Font Info:    Redeclaring math symbol \daleth on input line 244.
LaTeX Font Info:    Redeclaring math symbol \lessdot on input line 245.
LaTeX Font Info:    Redeclaring math symbol \gtrdot on input line 246.
LaTeX Font Info:    Redeclaring math symbol \ltimes on input line 247.
LaTeX Font Info:    Redeclaring math symbol \rtimes on input line 248.
LaTeX Font Info:    Redeclaring math symbol \shortmid on input line 249.
LaTeX Font Info:    Redeclaring math symbol \shortparallel on input line 250.
LaTeX Font Info:    Redeclaring math symbol \smallsetminus on input line 251.
LaTeX Font Info:    Redeclaring math symbol \thicksim on input line 252.
LaTeX Font Info:    Redeclaring math symbol \thickapprox on input line 253.
LaTeX Font Info:    Redeclaring math symbol \approxeq on input line 254.
LaTeX Font Info:    Redeclaring math symbol \succapprox on input line 255.
LaTeX Font Info:    Redeclaring math symbol \precapprox on input line 256.
LaTeX Font Info:    Redeclaring math symbol \curvearrowleft on input line 257.
LaTeX Font Info:    Redeclaring math symbol \curvearrowright on input line 258.
LaTeX Font Info:    Redeclaring math symbol \digamma on input line 259.
LaTeX Font Info:    Redeclaring math symbol \varkappa on input line 260.
LaTeX Font Info:    Redeclaring math symbol \hslash on input line 262.
LaTeX Font Info:    Redeclaring math symbol \backepsilon on input line 265.
) (/usr/local/texlive/2026/texmf-dist/tex/latex/hyperref/hyperref.sty
Package: hyperref 2026-01-29 v7.01p Hypertext links for LaTeX
 (/usr/local/texlive/2026/texmf-dist/tex/generic/kvdefinekeys/kvdefinekeys.sty
Package: kvdefinekeys 2019-12-19 v1.6 Define keys (HO)
) (/usr/local/texlive/2026/texmf-dist/tex/generic/pdfescape/pdfescape.sty
Package: pdfescape 2019/12/09 v1.15 Implements pdfTeX's escape features (HO)
) (/usr/local/texlive/2026/texmf-dist/tex/latex/hycolor/hycolor.sty
Package: hycolor 2020-01-27 v1.10 Color options for hyperref/bookmark (HO)
) (/usr/local/texlive/2026/texmf-dist/tex/latex/hyperref/nameref.sty
Package: nameref 2026-01-29 v2.58 Cross-referencing by name of section
 (/usr/local/texlive/2026/texmf-dist/tex/latex/refcount/refcount.sty
Package: refcount 2019/12/15 v3.6 Data extraction from label references (HO)
) (/usr/local/texlive/2026/texmf-dist/tex/generic/gettitlestring/gettitlestring.sty
Package: gettitlestring 2019/12/15 v1.6 Cleanup title references (HO)
)
\c@section@level=\count450
) (/usr/local/texlive/2026/texmf-dist/tex/generic/stringenc/stringenc.sty
Package: stringenc 2019/11/29 v1.12 Convert strings between diff. encodings (HO)
)
\@linkdim=\dimen192
\Hy@linkcounter=\count451
\Hy@pagecounter=\count452
 (/usr/local/texlive/2026/texmf-dist/tex/latex/hyperref/pd1enc.def
File: pd1enc.def 2026-01-29 v7.01p Hyperref: PDFDocEncoding definition (HO)
Now handling font encoding PD1 ...
... no UTF-8 mapping file for font encoding PD1
) (/usr/local/texlive/2026/texmf-dist/tex/generic/intcalc/intcalc.sty
Package: intcalc 2019/12/15 v1.3 Expandable calculations with integers (HO)
)
\Hy@SavedSpaceFactor=\count453
 (/usr/local/texlive/2026/texmf-dist/tex/latex/hyperref/puenc.def
File: puenc.def 2026-01-29 v7.01p Hyperref: PDF Unicode definition (HO)
Now handling font encoding PU ...
... no UTF-8 mapping file for font encoding PU
)
Package hyperref Info: Option `unicode' set `true' on input line 4072.
Package hyperref Info: Hyper figures OFF on input line 4201.
Package hyperref Info: Link nesting OFF on input line 4206.
Package hyperref Info: Hyper index ON on input line 4209.
Package hyperref Info: Plain pages OFF on input line 4216.
Package hyperref Info: Backreferencing OFF on input line 4221.
Package hyperref Info: Implicit mode ON; LaTeX internals redefined.
Package hyperref Info: Bookmarks ON on input line 4468.
\c@Hy@tempcnt=\count454
LaTeX Info: Redefining \url on input line 4807.
\XeTeXLinkMargin=\dimen193
 (/usr/local/texlive/2026/texmf-dist/tex/generic/bitset/bitset.sty
Package: bitset 2019/12/09 v1.3 Handle bit-vector datatype (HO)
 (/usr/local/texlive/2026/texmf-dist/tex/generic/bigintcalc/bigintcalc.sty
Package: bigintcalc 2019/12/15 v1.5 Expandable calculations on big integers (HO)
))
\Fld@menulength=\count455
\Field@Width=\dimen194
\Fld@charsize=\dimen195
Package hyperref Info: Hyper figures OFF on input line 6084.
Package hyperref Info: Link nesting OFF on input line 6089.
Package hyperref Info: Hyper index ON on input line 6092.
Package hyperref Info: backreferencing OFF on input line 6099.
Package hyperref Info: Link coloring OFF on input line 6104.
Package hyperref Info: Link coloring with OCG OFF on input line 6109.
Package hyperref Info: PDF/A mode OFF on input line 6114.
\Hy@abspage=\count456
\c@Item=\count457
\c@Hfootnote=\count458
)
Package hyperref Info: Driver (autodetected): hpdftex.
 (/usr/local/texlive/2026/texmf-dist/tex/latex/hyperref/hpdftex.def
File: hpdftex.def 2026-01-29 v7.01p Hyperref driver for pdfTeX
\Fld@listcount=\count459
\c@bookmark@seq@number=\count460
 (/usr/local/texlive/2026/texmf-dist/tex/latex/rerunfilecheck/rerunfilecheck.sty
Package: rerunfilecheck 2025-06-21 v1.11 Rerun checks for auxiliary files (HO)
 (/usr/local/texlive/2026/texmf-dist/tex/generic/uniquecounter/uniquecounter.sty
Package: uniquecounter 2019/12/15 v1.4 Provide unlimited unique counter (HO)
)
Package uniquecounter Info: New unique counter `rerunfilecheck' on input line 284.
)
\Hy@SectionHShift=\skip97
) (/usr/local/texlive/2026/texmf-dist/tex/latex/pdfpages/pdfpages.sty
Package: pdfpages 2025/07/23 v0.6g Insert pages of external PDF documents (AM)
 (/usr/local/texlive/2026/texmf-dist/tex/latex/tools/calc.sty
Package: calc 2025/03/01 v4.3b Infix arithmetic (KKT,FJ)
\calc@Acount=\count461
\calc@Bcount=\count462
\calc@Adimen=\dimen196
\calc@Bdimen=\dimen197
\calc@Askip=\skip98
\calc@Bskip=\skip99
LaTeX Info: Redefining \setlength on input line 86.
LaTeX Info: Redefining \addtolength on input line 87.
\calc@Ccount=\count463
\calc@Cskip=\skip100
) (/usr/local/texlive/2026/texmf-dist/tex/latex/eso-pic/eso-pic.sty
Package: eso-pic 2025/12/10 v3.0d eso-pic (RN)
\ESO@tempdima=\dimen198
\ESO@tempdimb=\dimen199
)
\AM@pagewidth=\dimen256
\AM@pageheight=\dimen257
\AM@fboxrule=\dimen258
 (/usr/local/texlive/2026/texmf-dist/tex/latex/pdfpages/pppdftex.def
File: pppdftex.def 2025/07/23 v0.6g Pdfpages driver for pdfTeX (AM)
)
\pdfpages@includegraphics@status=\count464
\AM@pagebox=\box68
\AM@global@opts=\toks40
\AM@pagecnt=\count465
\AM@toc@title=\toks41
\AM@lof@heading=\toks42
\c@AM@survey=\count466
\AM@templatesizebox=\box69
) (/usr/local/texlive/2026/texmf-dist/tex/latex/acro/acro.sty
Package: acro 2022/04/01 v3.8 typeset acronyms and other abbreviations (CN)
\l__acro_tmpa_int=\count467
\l__acro_tmpb_int=\count468
\l__acro_tmpc_int=\count469
\l__acro_tmpd_int=\count470
Loading module `base' ...
Loading module `interface' ...
Loading module `aux' ...
Loading module `properties' ...
Loading module `acronyms' ...
Loading module `formatting' ...
Loading module `ppfixes' ...
Loading module `tools' ...
\l__acro_minimal_usage_int=\count471
\l__acro_nest_int=\count472
\g_acro_barrier_int=\count473
\g_acro_barrier_total_int=\count474
Loading module `commands' ...
\l_acro_nest_level_int=\count475
Loading module `templates' ...
Loading module `list' ...
Loading module `pages' ...
\l__acro_pages_seq_threshold_int=\count476
Loading module `locale' ...
 (/usr/local/texlive/2026/texmf-dist/tex/latex/translations/translations.sty
Package: translations 2022/02/05 v1.12 internationalization of LaTeX2e packages (CN)
)
Loading module `pdfsupport' ...
Loading module `patch' ...
Loading module `definitions' ...
Loading module `upgrade' ...
)
==> First Aid for acro.sty applied!
(./appendices/abbreviation.tex
\c@g@acro@av@int=\count477
\c@g@acro@avs@int=\count478
) (/usr/local/texlive/2026/texmf-dist/tex/latex/algorithms/algorithm.sty
Package: algorithm 2009/08/24 v0.1 Document Style `algorithm' - floating environment
\@float@every@algorithm=\toks43
\c@algorithm=\count479
) (/usr/local/texlive/2026/texmf-dist/tex/latex/algorithmicx/algpseudocode.sty
Package: algpseudocode 
 (/usr/local/texlive/2026/texmf-dist/tex/latex/algorithmicx/algorithmicx.sty
Package: algorithmicx 2005/04/27 v1.2 Algorithmicx

Document Style algorithmicx 1.2 - a greatly improved `algorithmic' style
\c@ALG@line=\count480
\c@ALG@rem=\count481
\c@ALG@nested=\count482
\ALG@tlm=\skip101
\ALG@thistlm=\skip102
\c@ALG@Lnr=\count483
\c@ALG@blocknr=\count484
\c@ALG@storecount=\count485
\c@ALG@tmpcounter=\count486
\ALG@tmplength=\skip103
)
Document Style - pseudocode environments for use with the `algorithmicx' style
) (/usr/local/texlive/2026/texmf-dist/tex/latex/booktabs/booktabs.sty
Package: booktabs 2020/01/12 v1.61803398 Publication quality tables
\heavyrulewidth=\dimen259
\lightrulewidth=\dimen260
\cmidrulewidth=\dimen261
\belowrulesep=\dimen262
\belowbottomsep=\dimen263
\aboverulesep=\dimen264
\abovetopsep=\dimen265
\cmidrulesep=\dimen266
\cmidrulekern=\dimen267
\defaultaddspace=\dimen268
\@cmidla=\count487
\@cmidlb=\count488
\@aboverulesep=\dimen269
\@belowrulesep=\dimen270
\@thisruleclass=\count489
\@lastruleclass=\count490
\@thisrulewidth=\dimen271
) (/usr/local/texlive/2026/texmf-dist/tex/latex/multirow/multirow.sty
Package: multirow 2024/11/12 v2.9 Span multiple rows of a table
\multirow@colwidth=\skip104
\multirow@cntb=\count491
\multirow@dima=\skip105
\bigstrutjot=\dimen272
) (/usr/local/texlive/2026/texmf-dist/tex/latex/todonotes/todonotes.sty
Package: todonotes 2024/01/05 v1.1.7 Todonotes source and documentation.
Package: todonotes 2024/01/05
 (/usr/local/texlive/2026/texmf-dist/tex/latex/pgf/frontendlayer/tikz.sty (/usr/local/texlive/2026/texmf-dist/tex/latex/pgf/basiclayer/pgf.sty (/usr/local/texlive/2026/texmf-dist/tex/latex/pgf/utilities/pgfrcs.sty (/usr/local/texlive/2026/texmf-dist/tex/generic/pgf/utilities/pgfutil-common.tex
\pgfutil@everybye=\toks44
\pgfutil@tempdima=\dimen273
\pgfutil@tempdimb=\dimen274
) (/usr/local/texlive/2026/texmf-dist/tex/generic/pgf/utilities/pgfutil-latex.def
\pgfutil@abb=\box70
) (/usr/local/texlive/2026/texmf-dist/tex/generic/pgf/utilities/pgfrcs.code.tex (/usr/local/texlive/2026/texmf-dist/tex/generic/pgf/pgf.revision.tex)
Package: pgfrcs 2025-08-29 v3.1.11a (3.1.11a)
))
Package: pgf 2025-08-29 v3.1.11a (3.1.11a)
 (/usr/local/texlive/2026/texmf-dist/tex/latex/pgf/basiclayer/pgfcore.sty (/usr/local/texlive/2026/texmf-dist/tex/latex/pgf/systemlayer/pgfsys.sty (/usr/local/texlive/2026/texmf-dist/tex/generic/pgf/systemlayer/pgfsys.code.tex
Package: pgfsys 2025-08-29 v3.1.11a (3.1.11a)
 (/usr/local/texlive/2026/texmf-dist/tex/generic/pgf/utilities/pgfkeys.code.tex
\pgfkeys@pathtoks=\toks45
\pgfkeys@temptoks=\toks46
 (/usr/local/texlive/2026/texmf-dist/tex/generic/pgf/utilities/pgfkeyslibraryfiltered.code.tex
\pgfkeys@tmptoks=\toks47
))
\pgf@x=\dimen275
\pgf@y=\dimen276
\pgf@xa=\dimen277
\pgf@ya=\dimen278
\pgf@xb=\dimen279
\pgf@yb=\dimen280
\pgf@xc=\dimen281
\pgf@yc=\dimen282
\pgf@xd=\dimen283
\pgf@yd=\dimen284
\w@pgf@writea=\write4
\r@pgf@reada=\read5
\c@pgf@counta=\count492
\c@pgf@countb=\count493
\c@pgf@countc=\count494
\c@pgf@countd=\count495
\t@pgf@toka=\toks48
\t@pgf@tokb=\toks49
\t@pgf@tokc=\toks50
\pgf@sys@id@count=\count496
 (/usr/local/texlive/2026/texmf-dist/tex/generic/pgf/systemlayer/pgf.cfg
File: pgf.cfg 2025-08-29 v3.1.11a (3.1.11a)
)
Driver file for pgf: pgfsys-pdftex.def
 (/usr/local/texlive/2026/texmf-dist/tex/generic/pgf/systemlayer/pgfsys-pdftex.def
File: pgfsys-pdftex.def 2025-08-29 v3.1.11a (3.1.11a)
 (/usr/local/texlive/2026/texmf-dist/tex/generic/pgf/systemlayer/pgfsys-common-pdf.def
File: pgfsys-common-pdf.def 2025-08-29 v3.1.11a (3.1.11a)
))) (/usr/local/texlive/2026/texmf-dist/tex/generic/pgf/systemlayer/pgfsyssoftpath.code.tex
File: pgfsyssoftpath.code.tex 2025-08-29 v3.1.11a (3.1.11a)
\pgfsyssoftpath@smallbuffer@items=\count497
\pgfsyssoftpath@bigbuffer@items=\count498
) (/usr/local/texlive/2026/texmf-dist/tex/generic/pgf/systemlayer/pgfsysprotocol.code.tex
File: pgfsysprotocol.code.tex 2025-08-29 v3.1.11a (3.1.11a)
)) (/usr/local/texlive/2026/texmf-dist/tex/generic/pgf/basiclayer/pgfcore.code.tex
Package: pgfcore 2025-08-29 v3.1.11a (3.1.11a)
 (/usr/local/texlive/2026/texmf-dist/tex/generic/pgf/math/pgfmath.code.tex (/usr/local/texlive/2026/texmf-dist/tex/generic/pgf/math/pgfmathutil.code.tex) (/usr/local/texlive/2026/texmf-dist/tex/generic/pgf/math/pgfmathparser.code.tex
\pgfmath@dimen=\dimen285
\pgfmath@count=\count499
\pgfmath@box=\box71
\pgfmath@toks=\toks51
\pgfmath@stack@operand=\toks52
\pgfmath@stack@operation=\toks53
) (/usr/local/texlive/2026/texmf-dist/tex/generic/pgf/math/pgfmathfunctions.code.tex) (/usr/local/texlive/2026/texmf-dist/tex/generic/pgf/math/pgfmathfunctions.basic.code.tex) (/usr/local/texlive/2026/texmf-dist/tex/generic/pgf/math/pgfmathfunctions.trigonometric.code.tex) (/usr/local/texlive/2026/texmf-dist/tex/generic/pgf/math/pgfmathfunctions.random.code.tex) (/usr/local/texlive/2026/texmf-dist/tex/generic/pgf/math/pgfmathfunctions.comparison.code.tex) (/usr/local/texlive/2026/texmf-dist/tex/generic/pgf/math/pgfmathfunctions.base.code.tex) (/usr/local/texlive/2026/texmf-dist/tex/generic/pgf/math/pgfmathfunctions.round.code.tex) (/usr/local/texlive/2026/texmf-dist/tex/generic/pgf/math/pgfmathfunctions.misc.code.tex) (/usr/local/texlive/2026/texmf-dist/tex/generic/pgf/math/pgfmathfunctions.integerarithmetics.code.tex) (/usr/local/texlive/2026/texmf-dist/tex/generic/pgf/math/pgfmathcalc.code.tex) (/usr/local/texlive/2026/texmf-dist/tex/generic/pgf/math/pgfmathfloat.code.tex
\c@pgfmathroundto@lastzeros=\count500
)) (/usr/local/texlive/2026/texmf-dist/tex/generic/pgf/math/pgfint.code.tex) (/usr/local/texlive/2026/texmf-dist/tex/generic/pgf/basiclayer/pgfcorepoints.code.tex
File: pgfcorepoints.code.tex 2025-08-29 v3.1.11a (3.1.11a)
\pgf@picminx=\dimen286
\pgf@picmaxx=\dimen287
\pgf@picminy=\dimen288
\pgf@picmaxy=\dimen289
\pgf@pathminx=\dimen290
\pgf@pathmaxx=\dimen291
\pgf@pathminy=\dimen292
\pgf@pathmaxy=\dimen293
\pgf@xx=\dimen294
\pgf@xy=\dimen295
\pgf@yx=\dimen296
\pgf@yy=\dimen297
\pgf@zx=\dimen298
\pgf@zy=\dimen299
) (/usr/local/texlive/2026/texmf-dist/tex/generic/pgf/basiclayer/pgfcorepathconstruct.code.tex
File: pgfcorepathconstruct.code.tex 2025-08-29 v3.1.11a (3.1.11a)
\pgf@path@lastx=\dimen300
\pgf@path@lasty=\dimen301
) (/usr/local/texlive/2026/texmf-dist/tex/generic/pgf/basiclayer/pgfcorepathusage.code.tex
File: pgfcorepathusage.code.tex 2025-08-29 v3.1.11a (3.1.11a)
\pgf@shorten@end@additional=\dimen302
\pgf@shorten@start@additional=\dimen303
) (/usr/local/texlive/2026/texmf-dist/tex/generic/pgf/basiclayer/pgfcorescopes.code.tex
File: pgfcorescopes.code.tex 2025-08-29 v3.1.11a (3.1.11a)
\pgfpic=\box72
\pgf@hbox=\box73
\pgf@layerbox@main=\box74
\pgf@picture@serial@count=\count501
) (/usr/local/texlive/2026/texmf-dist/tex/generic/pgf/basiclayer/pgfcoregraphicstate.code.tex
File: pgfcoregraphicstate.code.tex 2025-08-29 v3.1.11a (3.1.11a)
\pgflinewidth=\dimen304
) (/usr/local/texlive/2026/texmf-dist/tex/generic/pgf/basiclayer/pgfcoretransformations.code.tex
File: pgfcoretransformations.code.tex 2025-08-29 v3.1.11a (3.1.11a)
\pgf@pt@x=\dimen305
\pgf@pt@y=\dimen306
\pgf@pt@temp=\dimen307
) (/usr/local/texlive/2026/texmf-dist/tex/generic/pgf/basiclayer/pgfcorequick.code.tex
File: pgfcorequick.code.tex 2025-08-29 v3.1.11a (3.1.11a)
) (/usr/local/texlive/2026/texmf-dist/tex/generic/pgf/basiclayer/pgfcoreobjects.code.tex
File: pgfcoreobjects.code.tex 2025-08-29 v3.1.11a (3.1.11a)
) (/usr/local/texlive/2026/texmf-dist/tex/generic/pgf/basiclayer/pgfcorepathprocessing.code.tex
File: pgfcorepathprocessing.code.tex 2025-08-29 v3.1.11a (3.1.11a)
) (/usr/local/texlive/2026/texmf-dist/tex/generic/pgf/basiclayer/pgfcorearrows.code.tex
File: pgfcorearrows.code.tex 2025-08-29 v3.1.11a (3.1.11a)
\pgfarrowsep=\dimen308
) (/usr/local/texlive/2026/texmf-dist/tex/generic/pgf/basiclayer/pgfcoreshade.code.tex
File: pgfcoreshade.code.tex 2025-08-29 v3.1.11a (3.1.11a)
\pgf@max=\dimen309
\pgf@sys@shading@range@num=\count502
\pgf@shadingcount=\count503
) (/usr/local/texlive/2026/texmf-dist/tex/generic/pgf/basiclayer/pgfcoreimage.code.tex
File: pgfcoreimage.code.tex 2025-08-29 v3.1.11a (3.1.11a)
) (/usr/local/texlive/2026/texmf-dist/tex/generic/pgf/basiclayer/pgfcoreexternal.code.tex
File: pgfcoreexternal.code.tex 2025-08-29 v3.1.11a (3.1.11a)
\pgfexternal@startupbox=\box75
) (/usr/local/texlive/2026/texmf-dist/tex/generic/pgf/basiclayer/pgfcorelayers.code.tex
File: pgfcorelayers.code.tex 2025-08-29 v3.1.11a (3.1.11a)
) (/usr/local/texlive/2026/texmf-dist/tex/generic/pgf/basiclayer/pgfcoretransparency.code.tex
File: pgfcoretransparency.code.tex 2025-08-29 v3.1.11a (3.1.11a)
) (/usr/local/texlive/2026/texmf-dist/tex/generic/pgf/basiclayer/pgfcorepatterns.code.tex
File: pgfcorepatterns.code.tex 2025-08-29 v3.1.11a (3.1.11a)
) (/usr/local/texlive/2026/texmf-dist/tex/generic/pgf/basiclayer/pgfcorerdf.code.tex
File: pgfcorerdf.code.tex 2025-08-29 v3.1.11a (3.1.11a)
))) (/usr/local/texlive/2026/texmf-dist/tex/generic/pgf/modules/pgfmoduleshapes.code.tex
File: pgfmoduleshapes.code.tex 2025-08-29 v3.1.11a (3.1.11a)
\pgfnodeparttextbox=\box76
) (/usr/local/texlive/2026/texmf-dist/tex/generic/pgf/modules/pgfmoduleplot.code.tex
File: pgfmoduleplot.code.tex 2025-08-29 v3.1.11a (3.1.11a)
) (/usr/local/texlive/2026/texmf-dist/tex/latex/pgf/compatibility/pgfcomp-version-0-65.sty
Package: pgfcomp-version-0-65 2025-08-29 v3.1.11a (3.1.11a)
\pgf@nodesepstart=\dimen310
\pgf@nodesepend=\dimen311
) (/usr/local/texlive/2026/texmf-dist/tex/latex/pgf/compatibility/pgfcomp-version-1-18.sty
Package: pgfcomp-version-1-18 2025-08-29 v3.1.11a (3.1.11a)
)) (/usr/local/texlive/2026/texmf-dist/tex/latex/pgf/utilities/pgffor.sty (/usr/local/texlive/2026/texmf-dist/tex/latex/pgf/utilities/pgfkeys.sty (/usr/local/texlive/2026/texmf-dist/tex/generic/pgf/utilities/pgfkeys.code.tex)) (/usr/local/texlive/2026/texmf-dist/tex/latex/pgf/math/pgfmath.sty (/usr/local/texlive/2026/texmf-dist/tex/generic/pgf/math/pgfmath.code.tex)) (/usr/local/texlive/2026/texmf-dist/tex/generic/pgf/utilities/pgffor.code.tex
Package: pgffor 2025-08-29 v3.1.11a (3.1.11a)
\pgffor@iter=\dimen312
\pgffor@skip=\dimen313
\pgffor@stack=\toks54
\pgffor@toks=\toks55
)) (/usr/local/texlive/2026/texmf-dist/tex/generic/pgf/frontendlayer/tikz/tikz.code.tex
Package: tikz 2025-08-29 v3.1.11a (3.1.11a)
 (/usr/local/texlive/2026/texmf-dist/tex/generic/pgf/libraries/pgflibraryplothandlers.code.tex
File: pgflibraryplothandlers.code.tex 2025-08-29 v3.1.11a (3.1.11a)
\pgf@plot@mark@count=\count504
\pgfplotmarksize=\dimen314
)
\tikz@lastx=\dimen315
\tikz@lasty=\dimen316
\tikz@lastxsaved=\dimen317
\tikz@lastysaved=\dimen318
\tikz@lastmovetox=\dimen319
\tikz@lastmovetoy=\dimen320
\tikzleveldistance=\dimen321
\tikzsiblingdistance=\dimen322
\tikz@figbox=\box77
\tikz@figbox@bg=\box78
\tikz@tempbox=\box79
\tikz@tempbox@bg=\box80
\tikztreelevel=\count505
\tikznumberofchildren=\count506
\tikznumberofcurrentchild=\count507
\tikz@fig@count=\count508
 (/usr/local/texlive/2026/texmf-dist/tex/generic/pgf/modules/pgfmodulematrix.code.tex
File: pgfmodulematrix.code.tex 2025-08-29 v3.1.11a (3.1.11a)
\pgfmatrixcurrentrow=\count509
\pgfmatrixcurrentcolumn=\count510
\pgf@matrix@numberofcolumns=\count511
)
\tikz@expandcount=\count512
 (/usr/local/texlive/2026/texmf-dist/tex/generic/pgf/frontendlayer/tikz/libraries/tikzlibrarytopaths.code.tex
File: tikzlibrarytopaths.code.tex 2025-08-29 v3.1.11a (3.1.11a)
))) (/usr/local/texlive/2026/texmf-dist/tex/generic/pgf/frontendlayer/tikz/libraries/tikzlibrarypositioning.code.tex
File: tikzlibrarypositioning.code.tex 2025-08-29 v3.1.11a (3.1.11a)
)
\c@@todonotes@numberoftodonotes=\count513
) (/usr/local/texlive/2026/texmf-dist/tex/latex/pmboxdraw/pmboxdraw.sty
Package: pmboxdraw 2019/12/05 v1.4 Poor man's box drawing characters (HO)
Now handling font encoding pmboxdraw ...
... processing UTF-8 mapping file for font encoding pmboxdraw
 (/usr/local/texlive/2026/texmf-dist/tex/latex/pmboxdraw/pmboxdrawenc.dfu
File: pmboxdrawenc.dfu 2019/12/05 v1.4 UTF-8 support for box drawing characters
   defining Unicode char U+2500 (decimal 9472)
   defining Unicode char U+2501 (decimal 9473)
   defining Unicode char U+2502 (decimal 9474)
   defining Unicode char U+2503 (decimal 9475)
   defining Unicode char U+250C (decimal 9484)
   defining Unicode char U+250D (decimal 9485)
   defining Unicode char U+250E (decimal 9486)
   defining Unicode char U+250F (decimal 9487)
   defining Unicode char U+2510 (decimal 9488)
   defining Unicode char U+2511 (decimal 9489)
   defining Unicode char U+2512 (decimal 9490)
   defining Unicode char U+2513 (decimal 9491)
   defining Unicode char U+2514 (decimal 9492)
   defining Unicode char U+2515 (decimal 9493)
   defining Unicode char U+2516 (decimal 9494)
   defining Unicode char U+2517 (decimal 9495)
   defining Unicode char U+2518 (decimal 9496)
   defining Unicode char U+2519 (decimal 9497)
   defining Unicode char U+251A (decimal 9498)
   defining Unicode char U+251B (decimal 9499)
   defining Unicode char U+251C (decimal 9500)
   defining Unicode char U+251D (decimal 9501)
   defining Unicode char U+251E (decimal 9502)
   defining Unicode char U+251F (decimal 9503)
   defining Unicode char U+2520 (decimal 9504)
   defining Unicode char U+2521 (decimal 9505)
   defining Unicode char U+2522 (decimal 9506)
   defining Unicode char U+2523 (decimal 9507)
   defining Unicode char U+2524 (decimal 9508)
   defining Unicode char U+252C (decimal 9516)
   defining Unicode char U+252D (decimal 9517)
   defining Unicode char U+252E (decimal 9518)
   defining Unicode char U+252F (decimal 9519)
   defining Unicode char U+2530 (decimal 9520)
   defining Unicode char U+2531 (decimal 9521)
   defining Unicode char U+2532 (decimal 9522)
   defining Unicode char U+2533 (decimal 9523)
   defining Unicode char U+2534 (decimal 9524)
   defining Unicode char U+2535 (decimal 9525)
   defining Unicode char U+2536 (decimal 9526)
   defining Unicode char U+2537 (decimal 9527)
   defining Unicode char U+2538 (decimal 9528)
   defining Unicode char U+2539 (decimal 9529)
   defining Unicode char U+253A (decimal 9530)
   defining Unicode char U+253B (decimal 9531)
   defining Unicode char U+253C (decimal 9532)
   defining Unicode char U+253D (decimal 9533)
   defining Unicode char U+253E (decimal 9534)
   defining Unicode char U+253F (decimal 9535)
   defining Unicode char U+2540 (decimal 9536)
   defining Unicode char U+2541 (decimal 9537)
   defining Unicode char U+2542 (decimal 9538)
   defining Unicode char U+2543 (decimal 9539)
   defining Unicode char U+2544 (decimal 9540)
   defining Unicode char U+2545 (decimal 9541)
   defining Unicode char U+2546 (decimal 9542)
   defining Unicode char U+2547 (decimal 9543)
   defining Unicode char U+2548 (decimal 9544)
   defining Unicode char U+2549 (decimal 9545)
   defining Unicode char U+254A (decimal 9546)
   defining Unicode char U+254B (decimal 9547)
   defining Unicode char U+2550 (decimal 9552)
   defining Unicode char U+2551 (decimal 9553)
   defining Unicode char U+2552 (decimal 9554)
   defining Unicode char U+2553 (decimal 9555)
   defining Unicode char U+2554 (decimal 9556)
   defining Unicode char U+2555 (decimal 9557)
   defining Unicode char U+2556 (decimal 9558)
   defining Unicode char U+2557 (decimal 9559)
   defining Unicode char U+2558 (decimal 9560)
   defining Unicode char U+2559 (decimal 9561)
   defining Unicode char U+255A (decimal 9562)
   defining Unicode char U+255B (decimal 9563)
   defining Unicode char U+255C (decimal 9564)
   defining Unicode char U+255D (decimal 9565)
   defining Unicode char U+255E (decimal 9566)
   defining Unicode char U+255F (decimal 9567)
   defining Unicode char U+2560 (decimal 9568)
   defining Unicode char U+2561 (decimal 9569)
   defining Unicode char U+2562 (decimal 9570)
   defining Unicode char U+2563 (decimal 9571)
   defining Unicode char U+2564 (decimal 9572)
   defining Unicode char U+2565 (decimal 9573)
   defining Unicode char U+2566 (decimal 9574)
   defining Unicode char U+2567 (decimal 9575)
   defining Unicode char U+2568 (decimal 9576)
   defining Unicode char U+2569 (decimal 9577)
   defining Unicode char U+256A (decimal 9578)
   defining Unicode char U+256B (decimal 9579)
   defining Unicode char U+256C (decimal 9580)
   defining Unicode char U+2574 (decimal 9588)
   defining Unicode char U+2575 (decimal 9589)
   defining Unicode char U+2576 (decimal 9590)
   defining Unicode char U+2577 (decimal 9591)
   defining Unicode char U+2578 (decimal 9592)
   defining Unicode char U+2579 (decimal 9593)
   defining Unicode char U+257A (decimal 9594)
   defining Unicode char U+257B (decimal 9595)
   defining Unicode char U+257C (decimal 9596)
   defining Unicode char U+257D (decimal 9597)
   defining Unicode char U+257E (decimal 9598)
   defining Unicode char U+257F (decimal 9599)
   defining Unicode char U+2580 (decimal 9600)
   defining Unicode char U+2581 (decimal 9601)
   defining Unicode char U+2582 (decimal 9602)
   defining Unicode char U+2583 (decimal 9603)
   defining Unicode char U+2584 (decimal 9604)
   defining Unicode char U+2585 (decimal 9605)
   defining Unicode char U+2586 (decimal 9606)
   defining Unicode char U+2587 (decimal 9607)
   defining Unicode char U+2588 (decimal 9608)
   defining Unicode char U+2589 (decimal 9609)
   defining Unicode char U+258A (decimal 9610)
   defining Unicode char U+258B (decimal 9611)
   defining Unicode char U+258C (decimal 9612)
   defining Unicode char U+258D (decimal 9613)
   defining Unicode char U+258E (decimal 9614)
   defining Unicode char U+258F (decimal 9615)
   defining Unicode char U+2590 (decimal 9616)
   defining Unicode char U+2591 (decimal 9617)
   defining Unicode char U+2592 (decimal 9618)
   defining Unicode char U+2593 (decimal 9619)
   defining Unicode char U+2594 (decimal 9620)
   defining Unicode char U+2595 (decimal 9621)
   defining Unicode char U+2596 (decimal 9622)
   defining Unicode char U+2597 (decimal 9623)
   defining Unicode char U+2598 (decimal 9624)
   defining Unicode char U+2599 (decimal 9625)
   defining Unicode char U+259A (decimal 9626)
   defining Unicode char U+259B (decimal 9627)
   defining Unicode char U+259C (decimal 9628)
   defining Unicode char U+259D (decimal 9629)
   defining Unicode char U+259E (decimal 9630)
   defining Unicode char U+259F (decimal 9631)
)
\pmbd@W=\dimen323
\pmbd@H=\dimen324
\pmbd@L=\dimen325
\pmbd@Thin=\dimen326
\pmbd@Thick=\dimen327
\pmbd@Sep=\dimen328
) (/usr/local/texlive/2026/texmf-dist/tex/latex/tools/verbatim.sty
Package: verbatim 2024-01-22 v1.5x LaTeX2e package for verbatim enhancements
\every@verbatim=\toks56
\verbatim@line=\toks57
\verbatim@in@stream=\read6
)) (/usr/local/texlive/2026/texmf-dist/tex/latex/mdwtools/sverb.sty
Package: sverb 1996/05/08 1.3 Verbatim typesetting
\svtab=\dimen329
\listingindent=\dimen330
\sv@writefile=\write5
\sv@nestcount=\count514
)

Package biblatex Warning: 'babel/polyglossia' detected but 'csquotes' missing.
(biblatex)                Loading 'csquotes' recommended.

\@quotelevel=\count515
\@quotereset=\count516
LaTeX Font Info:    Font shape `T1/zpltlf/m/n' will be
(Font)              scaled to size 10.95pt on input line 19.
(build/main.aux (build/preamble/title.aux) (build/preamble/annotation.aux) (build/preamble/acknowledgements.aux) (build/appendices/digital_medium.aux) (build/appendices/plan.aux))
\openout1 = `main.aux'.

LaTeX Font Info:    Checking defaults for OML/npxmi/m/it on input line 19.
LaTeX Font Info:    Trying to load font information for OML+npxmi on input line 19.
 (/usr/local/texlive/2026/texmf-dist/tex/latex/newpx/omlnpxmi.fd
File: omlnpxmi.fd 2013/03/21 Fontinst v1.933 font definitions for OML/npxmi.
)
LaTeX Font Info:    ... okay on input line 19.
LaTeX Font Info:    Checking defaults for OMS/cmsy/m/n on input line 19.
LaTeX Font Info:    ... okay on input line 19.
LaTeX Font Info:    Checking defaults for OT1/cmr/m/n on input line 19.
LaTeX Font Info:    ... okay on input line 19.
LaTeX Font Info:    Checking defaults for T1/cmr/m/n on input line 19.
LaTeX Font Info:    ... okay on input line 19.
LaTeX Font Info:    Checking defaults for TS1/cmr/m/n on input line 19.
LaTeX Font Info:    ... okay on input line 19.
LaTeX Font Info:    Checking defaults for OMX/cmex/m/n on input line 19.
LaTeX Font Info:    ... okay on input line 19.
LaTeX Font Info:    Checking defaults for U/npxexa/m/n on input line 19.
LaTeX Font Info:    Trying to load font information for U+npxexa on input line 19.
 (/usr/local/texlive/2026/texmf-dist/tex/latex/newpx/unpxexa.fd
File: unpxexa.fd 2013/03/24 Fontinst v1.933 font definitions for U/npxexa.
)
LaTeX Font Info:    ... okay on input line 19.
LaTeX Font Info:    Checking defaults for LMS/npxsy/m/n on input line 19.
LaTeX Font Info:    Trying to load font information for LMS+npxsy on input line 19.
 (/usr/local/texlive/2026/texmf-dist/tex/latex/newpx/lmsnpxsy.fd
File: lmsnpxsy.fd 2016/07/04 Fontinst v1.933 font definitions for LMS/npxsy.
)
LaTeX Font Info:    ... okay on input line 19.
LaTeX Font Info:    Checking defaults for LMX/npxexx/m/n on input line 19.
LaTeX Font Info:    Trying to load font information for LMX+npxexx on input line 19.
 (/usr/local/texlive/2026/texmf-dist/tex/latex/newpx/lmxnpxexx.fd
File: lmxnpxexx.fd 2016/07/04 Fontinst v1.933 font definitions for LMX/npxexx.
)
LaTeX Font Info:    ... okay on input line 19.
LaTeX Font Info:    Checking defaults for PD1/pdf/m/n on input line 19.
LaTeX Font Info:    ... okay on input line 19.
LaTeX Font Info:    Checking defaults for PU/pdf/m/n on input line 19.
LaTeX Font Info:    ... okay on input line 19.
LaTeX Font Info:    Checking defaults for pmboxdraw/pmboxdraw/m/n on input line 19.
LaTeX Font Info:    ... okay on input line 19.

*geometry* driver: auto-detecting
*geometry* detected driver: pdftex
*geometry* verbose mode - [ preamble ] result:
* driver: pdftex
* paper: a4paper
* layout: <same size as paper>
* layoutoffset:(h,v)=(0.0pt,0.0pt)
* modes: twoside 
* h-part:(L,W,R)=(71.70166pt, 418.25368pt, 107.55254pt)
* v-part:(T,H,B)=(101.40665pt, 591.5302pt, 152.11pt)
* \paperwidth=597.50787pt
* \paperheight=845.04684pt
* \textwidth=418.25368pt
* \textheight=591.5302pt
* \oddsidemargin=35.28255pt
* \evensidemargin=-0.56833pt
* \topmargin=-2.73714pt
* \headheight=12.0pt
* \headsep=19.8738pt
* \topskip=11.0pt
* \footskip=27.46295pt
* \marginparwidth=106.0pt
* \marginparsep=7.0pt
* \columnsep=10.0pt
* \skip\footins=10.0pt plus 4.0pt minus 2.0pt
* \hoffset=0.0pt
* \voffset=0.0pt
* \mag=1000
* \@twocolumnfalse
* \@twosidetrue
* \@mparswitchtrue
* \@reversemargintrue
* (1in=72.27pt=25.4mm, 1cm=28.453pt)

(/usr/local/texlive/2026/texmf-dist/tex/context/base/mkii/supp-pdf.mkii
[Loading MPS to PDF converter (version 2006.09.02).]
\scratchcounter=\count517
\scratchdimen=\dimen331
\scratchbox=\box81
\nofMPsegments=\count518
\nofMParguments=\count519
\everyMPshowfont=\toks58
\MPscratchCnt=\count520
\MPscratchDim=\dimen332
\MPnumerator=\count521
\makeMPintoPDFobject=\count522
\everyMPtoPDFconversion=\toks59
) (/usr/local/texlive/2026/texmf-dist/tex/latex/epstopdf-pkg/epstopdf-base.sty
Package: epstopdf-base 2020-01-24 v2.11 Base part for package epstopdf
Package epstopdf-base Info: Redefining graphics rule for `.eps' on input line 485.
 (/usr/local/texlive/2026/texmf-dist/tex/latex/latexconfig/epstopdf-sys.cfg
File: epstopdf-sys.cfg 2010/07/13 v1.3 Configuration of (r)epstopdf for TeX Live
))
Package biblatex Info: Trying to load language 'english'...
Package biblatex Info: ... file 'english.lbx' found.
 (/usr/local/texlive/2026/texmf-dist/tex/latex/biblatex/lbx/english.lbx
File: english.lbx 2025/07/10 v3.21 biblatex localization (PK/MW)
)
Package biblatex Info: Input encoding 'utf8' detected.
Package biblatex Info: Automatic encoding selection.
(biblatex)             Assuming data encoding 'utf8'.
\openout3 = `main.bcf'.

Package biblatex Info: Trying to load bibliographic data...
Package biblatex Info: ... file 'main.bbl' found.
 (build/main.bbl)
Package biblatex Info: Reference section=0 on input line 19.
Package biblatex Info: Reference segment=0 on input line 19.
\c@mv@tabular=\count523
\c@mv@boldtabular=\count524
LaTeX Info: Command `\dddot' is already robust on input line 19.
LaTeX Info: Command `\ddddot' is already robust on input line 19.
Package hyperref Info: Link coloring OFF on input line 19.
 (build/main.out) (build/main.out)
\@outlinefile=\write6
\openout6 = `main.out'.

 (/usr/local/texlive/2026/texmf-dist/tex/latex/pdflscape/pdflscape.sty
Package: pdflscape 2025-06-23 v0.14 Display of landscape pages in PDF
 (/usr/local/texlive/2026/texmf-dist/tex/latex/pdflscape/pdflscape-nometadata.sty
Package: pdflscape-nometadata 2025-06-23 v0.14 Display of landscape pages in PDF (HO)
Package pdflscape Info: Auto-detected driver: pdftex on input line 81.
)) (/usr/local/texlive/2026/texmf-dist/tex/latex/translations/translations-basic-dictionary-english.trsl
File: translations-basic-dictionary-english.trsl (english translation file `translations-basic-dictionary')
)
Package translations Info: loading dictionary `translations-basic-dictionary' for `english'. on input line 19.
\openout2 = `preamble/title.aux'.

 (./preamble/title.tex (./preamble/title/head.tex
LaTeX Font Info:    Font shape `T1/zpltlf/m/n' will be
(Font)              scaled to size 14.4pt on input line 4.
LaTeX Font Info:    Font shape `T1/zpltlf/b/n' will be
(Font)              scaled to size 10.95pt on input line 20.
LaTeX Font Info:    Font shape `T1/zpltlf/b/n' will be
(Font)              scaled to size 14.4pt on input line 20.
LaTeX Font Info:    Font shape `T1/zpltlf/b/n' will be
(Font)              scaled to size 17.28pt on input line 27.
LaTeX Font Info:    Font shape `T1/zpltlf/m/n' will be
(Font)              scaled to size 20.74pt on input line 28.
) [1


{/usr/local/texlive/2026/texmf-var/fonts/map/pdftex/updmap/pdftex.map}{/usr/local/texlive/2026/texmf-dist/fonts/enc/dvips/newtx/ntx-ec-tlf.enc}] [2] (./preamble/title/head.tex) [3] [4])
\openout2 = `preamble/annotation.aux'.

 (./preamble/annotation.tex [5



] [6]
Underfull \hbox (badness 10000) in paragraph at lines 30--31

 []


Overfull \hbox (30.0pt too wide) in paragraph at lines 23--40
[] 
 []

[7]
Underfull \hbox (badness 10000) in paragraph at lines 67--68

 []


Overfull \hbox (30.0pt too wide) in paragraph at lines 60--77
[] 
 []

[8]
Underfull \hbox (badness 10000) in paragraph at lines 94--95

 []

[9] [10])
\openout2 = `preamble/acknowledgements.aux'.

 (./preamble/acknowledgements.tex [11



] [12])
LaTeX Font Info:    Font shape `T1/zpltlf/m/n' will be
(Font)              scaled to size 24.88pt on input line 33.
LaTeX Font Info:    Font shape `T1/zpltlf/b/n' will be
(Font)              scaled to size 24.88pt on input line 33.
 (build/main.toc
LaTeX Font Info:    Trying to load font information for OT1+minzpl on input line 4.
 (/usr/local/texlive/2026/texmf-dist/tex/latex/newpx/ot1minzpl.fd
File: ot1minzpl.fd 2021/05/25 v1.0 font definition file for OT1/minzpl/TLF
)
LaTeX Font Info:    Font shape `OT1/minzpl/m/n' will be
(Font)              scaled to size 10.95pt on input line 4.
LaTeX Font Info:    Font shape `OT1/minzpl/m/n' will be
(Font)              scaled to size 8.0pt on input line 4.
LaTeX Font Info:    Font shape `OT1/minzpl/m/n' will be
(Font)              scaled to size 6.1pt on input line 4.
LaTeX Font Info:    Font shape `OML/npxmi/m/it' will be
(Font)              scaled to size 10.95pt on input line 4.
LaTeX Font Info:    Font shape `OML/npxmi/m/it' will be
(Font)              scaled to size 8.0pt on input line 4.
LaTeX Font Info:    Font shape `OML/npxmi/m/it' will be
(Font)              scaled to size 6.1pt on input line 4.
LaTeX Font Info:    Font shape `LMS/npxsy/m/n' will be
(Font)              scaled to size 10.95pt on input line 4.
LaTeX Font Info:    Font shape `LMS/npxsy/m/n' will be
(Font)              scaled to size 8.0pt on input line 4.
LaTeX Font Info:    Font shape `LMS/npxsy/m/n' will be
(Font)              scaled to size 6.1pt on input line 4.
LaTeX Font Info:    Font shape `LMX/npxexx/m/n' will be
(Font)              scaled to size 10.95pt on input line 4.
LaTeX Font Info:    Font shape `LMX/npxexx/m/n' will be
(Font)              scaled to size 8.0pt on input line 4.
LaTeX Font Info:    Font shape `LMX/npxexx/m/n' will be
(Font)              scaled to size 6.1pt on input line 4.
LaTeX Font Info:    Trying to load font information for U+npxmia on input line 4.
 (/usr/local/texlive/2026/texmf-dist/tex/latex/newpx/unpxmia.fd
File: unpxmia.fd 2013/03/24 Fontinst v1.933 font definitions for U/npxmia.
)
LaTeX Font Info:    Font shape `U/npxmia/m/it' will be
(Font)              scaled to size 10.95pt on input line 4.
LaTeX Font Info:    Font shape `U/npxmia/m/it' will be
(Font)              scaled to size 8.0pt on input line 4.
LaTeX Font Info:    Font shape `U/npxmia/m/it' will be
(Font)              scaled to size 6.1pt on input line 4.
LaTeX Font Info:    Trying to load font information for U+npxsym on input line 4.
 (/usr/local/texlive/2026/texmf-dist/tex/latex/newpx/unpxsym.fd
File: unpxsym.fd 2023/08/16 Fontinst v1.933 font definitions for U/npxsym.
)
LaTeX Font Info:    Font shape `U/npxsym/m/n' will be
(Font)              scaled to size 10.95pt on input line 4.
LaTeX Font Info:    Font shape `U/npxsym/m/n' will be
(Font)              scaled to size 8.0pt on input line 4.
LaTeX Font Info:    Font shape `U/npxsym/m/n' will be
(Font)              scaled to size 6.1pt on input line 4.
LaTeX Font Info:    Trying to load font information for U+npxsyc on input line 4.
 (/usr/local/texlive/2026/texmf-dist/tex/latex/newpx/unpxsyc.fd
File: unpxsyc.fd 2013/03/24 Fontinst v1.933 font definitions for U/npxsyc.
)
LaTeX Font Info:    Font shape `U/npxsyc/m/n' will be
(Font)              scaled to size 10.95pt on input line 4.
LaTeX Font Info:    Font shape `U/npxsyc/m/n' will be
(Font)              scaled to size 8.0pt on input line 4.
LaTeX Font Info:    Font shape `U/npxsyc/m/n' will be
(Font)              scaled to size 6.1pt on input line 4.
LaTeX Font Info:    Font shape `U/npxexa/m/n' will be
(Font)              scaled to size 10.95pt on input line 4.
LaTeX Font Info:    Font shape `U/npxexa/m/n' will be
(Font)              scaled to size 8.0pt on input line 4.
LaTeX Font Info:    Font shape `U/npxexa/m/n' will be
(Font)              scaled to size 6.1pt on input line 4.
LaTeX Font Info:    Trying to load font information for U+zeur on input line 4.
 (/usr/local/texlive/2026/texmf-dist/tex/latex/eulervm/uzeur.fd
File: uzeur.fd 2005/01/11 v4.0 (WaS)
)
LaTeX Font Info:    Font shape `U/zeur/m/n' will be
(Font)              scaled to size 10.95pt on input line 4.
LaTeX Font Info:    Font shape `U/zeur/m/n' will be
(Font)              scaled to size 8.0pt on input line 4.
LaTeX Font Info:    Font shape `U/zeur/m/n' will be
(Font)              scaled to size 6.1pt on input line 4.
LaTeX Font Info:    Trying to load font information for U+msa on input line 4.
 (/usr/local/texlive/2026/texmf-dist/tex/latex/amsfonts/umsa.fd
File: umsa.fd 2013/01/14 v3.01 AMS symbols A
)
LaTeX Font Info:    Trying to load font information for U+msb on input line 4.
 (/usr/local/texlive/2026/texmf-dist/tex/latex/amsfonts/umsb.fd
File: umsb.fd 2013/01/14 v3.01 AMS symbols B
) [13



])
\tf@toc=\write7
\openout7 = `main.toc'.

Package biblatex Info: Reference segment=1 on input line 36.
Package biblatex Info: Setting label 'refsegment:01' on input line 36.
 (./content/intro.tex

Package fancyhdr Warning: \headheight is too small (12.0pt): 
(fancyhdr)                Make it at least 13.59999pt, for example:
(fancyhdr)                \setlength{\headheight}{13.59999pt}.
(fancyhdr)                You might also make \topmargin smaller:
(fancyhdr)                \addtolength{\topmargin}{-1.59999pt}.

[14]
Chapter 1.
LaTeX Font Info:    Font shape `T1/zpltlf/b/n' will be
(Font)              scaled to size 20.74pt on input line 1.
[1

]
LaTeX Font Info:    Font shape `T1/zpltlf/m/n' will be
(Font)              scaled to size 8.0pt on input line 59.
LaTeX Font Info:    Font shape `T1/zpltlf/m/n' will be
(Font)              scaled to size 6.1pt on input line 59.


Package fancyhdr Warning: \headheight is too small (12.0pt): 
(fancyhdr)                Make it at least 13.59999pt, for example:
(fancyhdr)                \setlength{\headheight}{13.59999pt}.
(fancyhdr)                You might also make \topmargin smaller:
(fancyhdr)                \addtolength{\topmargin}{-1.59999pt}.

[2{/usr/local/texlive/2026/texmf-dist/fonts/enc/dvips/newpx/px-lms.enc}{/usr/local/texlive/2026/texmf-dist/fonts/enc/dvips/newtx/ntx-ot1-tlf.enc}]
LaTeX Font Info:    Font shape `T1/zpltlf/m/n' will be
(Font)              scaled to size 12.0pt on input line 72.
LaTeX Font Info:    Font shape `T1/zpltlf/b/n' will be
(Font)              scaled to size 12.0pt on input line 72.


Package fancyhdr Warning: \headheight is too small (12.0pt): 
(fancyhdr)                Make it at least 13.59999pt, for example:
(fancyhdr)                \setlength{\headheight}{13.59999pt}.
(fancyhdr)                You might also make \topmargin smaller:
(fancyhdr)                \addtolength{\topmargin}{-1.59999pt}.

[3]) (./content/related.tex

Package fancyhdr Warning: \headheight is too small (12.0pt): 
(fancyhdr)                Make it at least 13.59999pt, for example:
(fancyhdr)                \setlength{\headheight}{13.59999pt}.
(fancyhdr)                You might also make \topmargin smaller:
(fancyhdr)                \addtolength{\topmargin}{-1.59999pt}.

[4]
Chapter 2.
LaTeX Font Info:    Trying to load font information for TS1+zpltlf on input line 28.
(/usr/local/texlive/2026/texmf-dist/tex/latex/newpx/ts1zpltlf.fd
File: ts1zpltlf.fd 2021/11/24 v1.0 fd file for TS1/zpltlf
)
LaTeX Font Info:    Font shape `TS1/zpltlf/m/n' will be
(Font)              scaled to size 10.95pt on input line 28.
 [5

{/usr/local/texlive/2026/texmf-dist/fonts/enc/dvips/newpx/zpl_TOsF.enc}]

Package fancyhdr Warning: \headheight is too small (12.0pt): 
(fancyhdr)                Make it at least 13.59999pt, for example:
(fancyhdr)                \setlength{\headheight}{13.59999pt}.
(fancyhdr)                You might also make \topmargin smaller:
(fancyhdr)                \addtolength{\topmargin}{-1.59999pt}.

[6]) (./content/objectives.tex

Package fancyhdr Warning: \headheight is too small (12.0pt): 
(fancyhdr)                Make it at least 13.59999pt, for example:
(fancyhdr)                \setlength{\headheight}{13.59999pt}.
(fancyhdr)                You might also make \topmargin smaller:
(fancyhdr)                \addtolength{\topmargin}{-1.59999pt}.

[7]

Package fancyhdr Warning: \headheight is too small (12.0pt): 
(fancyhdr)                Make it at least 13.59999pt, for example:
(fancyhdr)                \setlength{\headheight}{13.59999pt}.
(fancyhdr)                You might also make \topmargin smaller:
(fancyhdr)                \addtolength{\topmargin}{-1.59999pt}.

[8

]
Chapter 3.
) (./content/design.tex [9]

Package fancyhdr Warning: \headheight is too small (12.0pt): 
(fancyhdr)                Make it at least 13.59999pt, for example:
(fancyhdr)                \setlength{\headheight}{13.59999pt}.
(fancyhdr)                You might also make \topmargin smaller:
(fancyhdr)                \addtolength{\topmargin}{-1.59999pt}.

[10

]
Chapter 4.
<assets/images/Dynabook.png, id=360, 327.2225pt x 260.975pt>
File: assets/images/Dynabook.png Graphic file (type png)
<use assets/images/Dynabook.png>
Package pdftex.def Info: assets/images/Dynabook.png  used on input line 28.
(pdftex.def)             Requested size: 142.26378pt x 113.45949pt.
) (./content/implementation.tex [11 <./assets/images/Dynabook.png>]

Package fancyhdr Warning: \headheight is too small (12.0pt): 
(fancyhdr)                Make it at least 13.59999pt, for example:
(fancyhdr)                \setlength{\headheight}{13.59999pt}.
(fancyhdr)                You might also make \topmargin smaller:
(fancyhdr)                \addtolength{\topmargin}{-1.59999pt}.

[12

]
Chapter 5.
) (./content/evaluation.tex [13]

Package fancyhdr Warning: \headheight is too small (12.0pt): 
(fancyhdr)                Make it at least 13.59999pt, for example:
(fancyhdr)                \setlength{\headheight}{13.59999pt}.
(fancyhdr)                You might also make \topmargin smaller:
(fancyhdr)                \addtolength{\topmargin}{-1.59999pt}.

[14

]
Chapter 6.

Overfull \hbox (39.09808pt too wide) in paragraph at lines 16--32
 [][] 
 []

LaTeX Font Info:    Font shape `T1/zpltlf/m/it' will be
(Font)              scaled to size 10.95pt on input line 47.

Underfull \vbox (badness 10000) has occurred while \output is active []

 [15]
Overfull \hbox (6.63474pt too wide) in paragraph at lines 53--54
[]\T1/zpltlf/m/it/10.95 Discussion \T1/zpltlf/m/n/10.95 about var-i-ous con-sid-er-a-tions based on the ex-per-i-ment re-sults (if needed). 
 []

) (./content/conclusion.tex

Package fancyhdr Warning: \headheight is too small (12.0pt): 
(fancyhdr)                Make it at least 13.59999pt, for example:
(fancyhdr)                \setlength{\headheight}{13.59999pt}.
(fancyhdr)                You might also make \topmargin smaller:
(fancyhdr)                \addtolength{\topmargin}{-1.59999pt}.

[16]
Chapter 7.
) (./content/resume.tex [17

]

Package fancyhdr Warning: \headheight is too small (12.0pt): 
(fancyhdr)                Make it at least 13.59999pt, for example:
(fancyhdr)                \setlength{\headheight}{13.59999pt}.
(fancyhdr)                You might also make \topmargin smaller:
(fancyhdr)                \addtolength{\topmargin}{-1.59999pt}.

[18

]) [19]

Package fancyhdr Warning: \headheight is too small (12.0pt): 
(fancyhdr)                Make it at least 13.59999pt, for example:
(fancyhdr)                \setlength{\headheight}{13.59999pt}.
(fancyhdr)                You might also make \topmargin smaller:
(fancyhdr)                \addtolength{\topmargin}{-1.59999pt}.

[20

] [21]

Package fancyhdr Warning: \headheight is too small (12.0pt): 
(fancyhdr)                Make it at least 13.59999pt, for example:
(fancyhdr)                \setlength{\headheight}{13.59999pt}.
(fancyhdr)                You might also make \topmargin smaller:
(fancyhdr)                \addtolength{\topmargin}{-1.59999pt}.

[22

] (build/main.lof)
\tf@lof=\write8
\openout8 = `main.lof'.

 [23]

Package fancyhdr Warning: \headheight is too small (12.0pt): 
(fancyhdr)                Make it at least 13.59999pt, for example:
(fancyhdr)                \setlength{\headheight}{13.59999pt}.
(fancyhdr)                You might also make \topmargin smaller:
(fancyhdr)                \addtolength{\topmargin}{-1.59999pt}.

[24

] (build/main.lot)
\tf@lot=\write9
\openout9 = `main.lot'.



Package biblatex Warning: Split bibliography detected.
(biblatex)                Many simple split bibliography setups with
(biblatex)                non-overlapping bibliographies benefit from
(biblatex)                setting 'defernumbers=true'.
(biblatex)                See the documentation for details.
(biblatex)                This warning can be suppressed with
(biblatex)                '\BiblatexSplitbibDefernumbersWarningOff'.


Package biblatex Warning: Option 'resetnumbers' requires 'defernumbers=true'.
(biblatex)                Ignoring 'resetnumbers=true' on input line 78.

[25]

Package fancyhdr Warning: \headheight is too small (12.0pt): 
(fancyhdr)                Make it at least 13.59999pt, for example:
(fancyhdr)                \setlength{\headheight}{13.59999pt}.
(fancyhdr)                You might also make \topmargin smaller:
(fancyhdr)                \addtolength{\topmargin}{-1.59999pt}.

[26

]
LaTeX Font Info:    Font shape `T1/zpltlf/m/sc' will be
(Font)              scaled to size 10.95pt on input line 78.
LaTeX Font Info:    Trying to load font information for T1+npxtt on input line 78.
 (/usr/local/texlive/2026/texmf-dist/tex/latex/newpx/t1npxtt.fd
File: t1npxtt.fd 2000/12/14 v1.0
)
LaTeX Font Info:    Font shape `T1/npxtt/m/n' will be
(Font)              scaled to size 10.95pt on input line 78.


Package biblatex Warning: No driver for 'standard'.
(biblatex)                Using fallback driver on input line 78.


Overfull \hbox (4.70055pt too wide) in paragraph at lines 81--81
[]\T1/zpltlf/m/n/10.95 Nadya Ab-del Mad-jid et al. ``Tra-jec-tory Pre-dic-tion for Au-tonomous Driv-ing: Progress,
 []

Package biblatex Info: Reference segment=0 on input line 83.
[27{/usr/local/texlive/2026/texmf-dist/fonts/enc/dvips/newtx/ntx-ec-tlf-pc.enc}]
\openout2 = `appendices/digital_medium.aux'.

 (./appendices/digital_medium.tex
Appendix A.
<appendices/zip-file-structure.png, id=454, 893.3375pt x 903.375pt>
File: appendices/zip-file-structure.png Graphic file (type png)
<use appendices/zip-file-structure.png>
Package pdftex.def Info: appendices/zip-file-structure.png  used on input line 36.
(pdftex.def)             Requested size: 418.25368pt x 422.95976pt.

LaTeX Warning: `h' float specifier changed to `ht'.

[1


]

Package fancyhdr Warning: \headheight is too small (12.0pt): 
(fancyhdr)                Make it at least 13.59999pt, for example:
(fancyhdr)                \setlength{\headheight}{13.59999pt}.
(fancyhdr)                You might also make \topmargin smaller:
(fancyhdr)                \addtolength{\topmargin}{-1.59999pt}.

[2 <./appendices/zip-file-structure.png>]
Appendix B.
) [3

]
\openout2 = `appendices/plan.aux'.

 (./appendices/plan.tex [4




]
Appendix C.

pdfTeX warning (ext4): destination with the same identifier (name{page.B-1}) has been already used, duplicate ignored
<to be read again> 
                   \relax 
l.44 \newpage
              [1])

Package fancyhdr Warning: \headheight is too small (12.0pt): 
(fancyhdr)                Make it at least 13.59999pt, for example:
(fancyhdr)                \setlength{\headheight}{13.59999pt}.
(fancyhdr)                You might also make \topmargin smaller:
(fancyhdr)                \addtolength{\topmargin}{-1.59999pt}.


pdfTeX warning (ext4): destination with the same identifier (name{page.B-2}) has been already used, duplicate ignored
<to be read again> 
                   \relax 
l.90 \include{appendices/plan}
                               [2] (build/main.aux (build/preamble/title.aux) (build/preamble/annotation.aux) (build/preamble/acknowledgements.aux) (build/appendices/digital_medium.aux) (build/appendices/plan.aux))
 ***********
LaTeX2e <2025-11-01>
L3 programming layer <2020/03/25>
 ***********
Package rerunfilecheck Info: File `main.out' has not changed.
(rerunfilecheck)             Checksum: 64BF4D5287539BE8A8BDF7B9DE7D46B0;6015.
Package logreq Info: Writing requests to 'main.run.xml'.
\openout1 = `main.run.xml'.

 ) 
Here is how much of TeX's memory you used:
 40667 strings out of 467525
 787850 string characters out of 5418983
 1672892 words of memory out of 5000000
 68733 multiletter control sequences out of 15000+600000
 692565 words of font info for 109 fonts, out of 8000000 for 9000
 1141 hyphenation exceptions out of 8191
 104i,11n,111p,1252b,2333s stack positions out of 10000i,1000n,20000p,200000b,200000s
</usr/local/texlive/2026/texmf-dist/fonts/type1/public/amsfonts/euler/eurm10.pfb></usr/local/texlive/2026/texmf-dist/fonts/type1/public/amsfonts/euler/eurm7.pfb></usr/local/texlive/2026/texmf-dist/fonts/type1/public/newpx/pxmiaX.pfb></usr/local/texlive/2026/texmf-dist/fonts/type1/public/newpx/pxsys.pfb></usr/local/texlive/2026/texmf-dist/fonts/type1/public/txfonts/t1xtt.pfb></usr/local/texlive/2026/texmf-dist/fonts/type1/public/newtx/txexs.pfb></usr/local/texlive/2026/texmf-dist/fonts/type1/public/newpx/zplb.pfb></usr/local/texlive/2026/texmf-dist/fonts/type1/public/newpx/zplr.pfb></usr/local/texlive/2026/texmf-dist/fonts/type1/public/newpx/zplri.pfb>
Output written on build/main.pdf (47 pages, 305355 bytes).
PDF statistics:
 570 PDF objects out of 1000 (max. 8388607)
 491 compressed objects within 5 object streams
 117 named destinations out of 1000 (max. 500000)
 343 words of extra memory for PDF output out of 10000 (max. 10000000)

